source,target
0,1
1,399
1,400
1,401
1,402
1,403
1,404
1,405
1,406
1,407
1,408
1,409
1,410
1,411
1,412
1,413
1,414
1,415
1,416
1,417
1,418
1,419
1,420
1,421
1,422
1,423
1,424
1,425
1,426
1,427
1,428
1,429
1,430
1,431
1,432
1,433
1,434
1,435
1,436
1,437
1,438
1,439
1,440
1,441
1,442
1,443
1,444
1,445
1,446
1,447
1,448
1,449
1,450
1,451
1,452
1,453
1,454
1,455
1,456
1,457
1,458
1,459
1,460
1,461
1,462
1,463
1,464
1,465
1,466
1,467
1,468
1,469
1,470
1,471
1,472
1,473
1,474
1,475
1,476
1,477
1,478
1,479
1,480
1,481
1,482
1,483
1,484
1,485
1,486
1,487
1,488
1,489
1,490
1,491
1,492
1,493
1,494
1,495
1,496
1,497
1,498
1,499
1,500
1,501
1,502
1,503
1,504
1,505
1,506
1,507
1,508
1,509
1,510
1,511
2,1
2,1016
2,753
3,1
3,850
3,89
4,1
5,1
6,1
7,1
7,1907
8,1
8,715
8,731
8,1162
8,349
8,542
8,675
8,864
8,2644
8,1214
8,735
8,174
8,2645
8,451
8,2646
8,689
8,2298
8,1134
8,987
8,684
8,799
8,2647
8,709
8,3
8,1527
8,2648
8,244
8,1659
8,1251
8,1267
8,2649
8,1239
8,2001
9,1
10,1
10,2898
11,1
11,1162
11,7
11,2618
11,2619
12,1
13,1
13,1162
14,1
14,634
14,1562
15,1
15,816
15,735
15,3246
16,1
17,1
18,1
19,1
20,1
20,564
20,541
20,55
20,1791
20,1512
20,1296
20,574
20,264
20,261
20,1133
20,701
20,1025
20,2603
20,1380
21,1
21,2156
21,701
21,11
21,886
21,2157
21,1162
21,521
21,968
21,637
21,524
21,1442
21,2158
22,1
22,20
22,1012
23,1
24,1
25,1
25,22
26,1
27,1
27,21
28,1
29,1
30,1
30,21
30,675
30,943
30,617
30,1925
30,373
30,586
30,1162
30,625
30,579
30,522
30,540
30,1238
30,588
31,1
32,1
33,1
33,11
34,1
35,1
35,45
36,1
37,1
37,43
37,1907
37,7
37,27
37,14
37,1908
38,1
38,37
38,45
38,1907
38,7
38,2381
38,958
38,14
38,2382
38,1259
39,1
39,2740
39,2741
39,609
39,18
40,1
40,22
40,793
41,1
41,1876
42,1
42,547
42,768
42,1239
43,1
43,135
43,616
43,542
43,30
43,366
43,20
43,82
43,1162
43,1549
43,22
43,1550
43,548
43,1107
43,1551
43,1552
43,8
43,544
43,1553
43,626
43,910
43,1554
43,1555
43,1437
43,1556
43,1557
43,878
43,757
43,1228
43,1558
43,1559
43,704
43,540
43,1442
43,1560
43,588
43,1561
43,1562
43,1563
44,1
44,30
45,1
45,681
45,1793
45,2139
45,1709
45,2140
45,1189
45,1133
45,1806
45,1032
45,1659
46,1
46,711
46,43
46,682
46,45
46,1745
46,1746
46,1747
46,1748
46,20
46,1749
46,1750
46,1751
46,1752
46,1753
46,1754
46,1755
46,1756
46,1757
46,1758
46,1759
46,1760
46,1761
46,1762
46,1763
46,1764
46,1765
46,1766
46,1767
46,1768
46,1769
46,1770
46,262
46,1771
46,1772
46,1773
46,1428
46,8
46,30
46,21
46,1774
46,1775
46,1776
46,1777
46,1778
46,1779
46,1780
46,1781
46,1782
46,1783
46,1784
46,1785
46,1786
46,1787
46,1788
46,1789
46,767
46,1790
46,1791
46,1792
46,1793
46,1794
46,1795
46,1427
46,673
46,532
46,1796
46,1797
46,1798
46,1799
46,1800
46,1801
46,1032
46,1802
46,1803
46,1804
46,1805
46,529
46,1316
46,1806
46,701
46,1807
46,1133
46,677
46,1659
46,133
46,1808
46,1809
46,588
46,698
46,541
46,674
46,1189
46,50
46,1388
46,1387
47,1
48,1
48,135
48,30
48,21
48,579
48,1818
48,50
48,1428
48,675
48,989
49,1
49,21
49,30
49,673
49,674
49,675
49,676
49,677
49,678
49,679
49,46
49,680
49,681
49,682
49,683
49,684
49,685
49,686
49,20
49,687
49,688
49,689
49,8
49,690
49,691
49,37
49,692
49,11
49,13
49,693
49,45
49,694
49,695
49,696
49,697
49,698
49,699
49,43
49,700
49,701
49,702
49,703
49,704
50,1
50,49
50,690
50,21
50,914
50,1844
50,656
50,1325
50,601
50,692
50,1359
50,1659
50,133
51,1
51,49
51,557
51,544
51,1394
51,695
51,2246
51,2065
51,48
52,1
53,1
53,49
53,701
53,1501
53,536
53,21
53,617
53,1502
53,1162
53,13
53,51
53,43
53,39
53,635
53,592
53,1503
53,1504
53,11
53,38
53,50
53,757
53,1505
53,305
53,1506
53,359
53,588
53,46
54,1
55,1
55,49
55,46
55,45
55,1162
55,538
55,534
55,75
55,1512
55,1698
55,1709
55,531
55,140
55,2769
55,2550
55,672
55,2770
55,759
55,1733
55,701
55,1877
56,1
57,1
58,1
58,8
59,1
60,1
60,564
60,22
61,1
62,1
62,884
63,1
63,58
64,1
65,1
66,1
67,1
67,21
67,133
68,1
68,49
68,529
68,24
68,113
68,3220
68,753
68,884
68,1239
69,1
69,46
70,1
70,49
70,53
70,43
70,681
70,46
70,30
70,50
70,556
70,1818
70,1002
70,197
70,768
70,574
70,1870
71,1
72,1
72,49
72,149
72,70
72,37
72,30
72,21
72,1805
72,48
72,2174
72,281
72,14
72,2175
72,2176
72,586
72,2177
72,556
72,2178
72,2179
72,8
72,290
72,2180
72,590
72,521
72,626
72,124
72,1699
72,2125
72,38
72,1959
72,2181
73,1
74,1
74,49
74,692
74,3067
74,2566
75,1
76,1
77,1
78,1
79,1
79,49
79,690
79,564
79,53
79,43
79,682
79,46
79,563
79,715
79,284
79,276
79,541
79,610
79,51
79,542
79,1034
79,687
79,39
79,1512
79,545
79,20
79,784
79,25
79,10
79,2396
79,617
79,1043
79,1018
79,585
79,1248
79,584
79,1069
79,80
79,625
79,769
79,8
79,1016
79,1542
79,1026
79,728
79,2397
79,570
79,238
79,838
79,409
79,15
79,2157
79,2398
79,1107
79,50
79,2399
79,1080
79,529
79,1086
79,1087
79,1085
79,1084
79,1239
79,884
79,701
80,1
80,49
80,43
80,46
80,276
80,20
80,8
80,55
80,2654
80,1712
80,687
80,2437
80,15
80,583
80,2655
80,604
80,757
81,1
81,39
82,1
82,46
82,1806
82,1387
82,2918
82,839
82,133
82,884
83,1
83,49
83,53
83,33
84,1
84,79
84,22
85,1
86,1
87,1
87,79
88,1
89,1
89,58
90,1
91,1
92,1
92,1805
92,1328
93,1
94,1
94,53
94,37
94,20
94,13
94,701
95,1
96,1
96,49
96,37
96,72
96,11
96,2133
96,14
96,2129
97,1
97,37
97,72
97,87
98,1
98,82
99,1
99,53
100,1
101,1
101,22
102,1
102,45
102,89
103,1
104,1
104,1939
104,11
105,1
106,1
107,1
107,850
108,1
109,1
109,72
110,1
111,1
112,1
113,1
113,8
113,42
114,1
115,1
115,53
115,70
115,1162
115,33
116,1
117,1
117,43
117,8
117,18
117,2757
117,2631
117,1261
117,2758
118,1
119,1
120,1
120,70
121,1
121,43
121,1244
122,1
123,1
123,53
123,20
123,115
123,88
123,95
123,62
123,884
124,1
124,43
125,1
126,1
126,1679
127,1
127,1446
127,589
128,1
128,43
129,1
129,53
129,43
129,70
129,51
129,133
129,1189
129,2012
129,1477
129,1542
129,2918
129,14
129,329
129,1475
129,13
129,1997
129,884
130,1
131,1
131,43
131,70
131,45
131,1359
131,115
132,1
132,37
133,1
133,49
133,149
133,135
133,43
133,681
133,70
133,37
133,30
133,562
133,535
133,542
133,528
133,522
133,83
133,48
133,520
133,131
133,14
133,3697
133,2625
134,1
134,37
134,45
134,72
134,38
134,83
134,14
134,2433
135,1
135,49
135,30
135,1426
135,522
135,1427
135,50
135,46
135,70
135,1428
135,1429
135,1430
135,72
135,21
135,14
135,45
135,1431
135,687
135,276
135,117
135,1118
135,1243
135,83
135,1432
135,1433
135,115
135,1434
135,129
135,1435
135,134
135,82
135,1436
135,987
135,1074
135,713
135,1239
135,1437
135,1438
135,1249
135,1250
135,1439
135,1440
135,589
135,1441
135,1442
136,1
136,49
136,135
136,53
136,46
136,70
136,21
136,1162
136,38
136,48
136,8
136,131
136,14
137,1
137,49
137,135
137,53
137,11
137,14
138,1
139,1
139,49
139,149
139,612
139,135
139,53
139,43
139,682
139,46
139,70
139,30
139,543
139,887
139,568
139,21
139,1960
139,1961
139,82
139,72
139,117
139,556
139,45
139,51
139,675
139,529
139,521
139,996
139,551
139,1699
139,572
139,1962
139,574
139,1818
139,48
139,1963
139,3
139,284
139,767
139,636
139,113
139,1964
139,1358
139,876
139,610
139,1162
139,622
139,68
139,1806
139,1034
139,123
139,1965
139,879
139,1966
139,1536
139,131
139,1967
139,71
139,129
139,134
139,1968
139,1093
139,973
139,136
139,1270
139,1239
139,704
139,1274
139,1659
139,1275
139,133
139,1535
140,1
140,43
140,46
140,30
140,50
140,92
140,1419
140,69
140,129
140,592
140,1133
140,1923
141,1
142,1
142,38
143,1
144,1
144,49
144,53
144,601
145,1
145,45
145,96
145,3426
146,1
146,96
146,527
147,1
148,1
148,673
149,1
149,49
149,701
149,996
149,70
149,697
149,74
149,21
149,43
149,47
149,145
149,144
149,96
149,50
149,8
149,680
149,135
149,997
149,998
149,999
149,617
149,1000
149,113
149,1001
149,1002
149,1003
149,1004
149,329
149,71
149,129
149,45
149,1005
149,715
149,1006
149,53
149,511
149,590
150,1
151,1
151,72
152,1
153,1
153,49
153,149
153,80
153,1230
154,1
154,49
154,149
154,53
154,284
154,51
154,79
154,82
154,1876
154,548
154,151
154,884
154,802
155,1
156,1
157,1
157,46
157,563
157,45
157,79
157,1699
157,1701
157,1178
157,1134
157,604
157,1745
157,1423
157,2434
158,1
159,1
159,79
160,1
160,79
160,1069
161,1
161,8
162,1
162,45
162,1806
162,261
162,40
163,1
163,584
164,1
165,1
165,1094
166,1
167,1
167,79
168,1
169,1
169,22
169,18
170,1
171,1
171,18
172,1
173,1
173,102
173,10
174,1
174,690
174,135
174,43
174,37
174,562
174,284
174,1162
174,79
174,20
174,11
174,50
174,88
174,2094
174,2621
174,629
174,884
175,1
175,27
175,1440
175,1271
176,1
176,815
177,1
178,1
178,15
178,84
178,25
178,270
178,88
178,40
179,1
180,1
181,1
181,43
181,39
182,1
182,22
183,1
184,1
184,79
184,20
184,159
185,1
185,79
185,20
185,39
186,1
187,1
188,1
188,102
188,78
189,1
189,43
189,174
189,161
190,1
191,1
192,1
192,102
192,2
193,1
194,1
195,1
195,117
195,39
195,183
195,140
195,123
196,1
197,1
197,540
198,1
199,1
200,1
201,1
202,1
202,79
203,1
204,1
205,1
206,1
207,1
208,1
209,1
209,115
210,1
211,1
212,1
212,129
213,1
213,850
214,1
215,1
215,7
215,2
215,209
216,1
217,1
218,1
219,1
220,1
221,1
221,53
221,43
221,706
221,8
221,2952
221,1025
221,725
221,1868
221,2953
221,2513
221,529
222,1
223,1
224,1
225,1
225,53
225,109
226,1
227,1
228,1
229,1
230,1
230,3758
231,1
231,1162
231,20
231,11
231,123
232,1
233,1
234,1
234,37
234,38
235,1
236,1
236,529
236,762
237,1
238,1
238,49
238,612
238,53
238,541
238,39
238,558
238,174
238,15
238,88
239,1
239,37
239,79
239,97
239,132
240,1
241,1
242,1
243,1
243,1679
243,42
243,2312
244,1
244,547
244,43
244,139
244,625
244,11
244,42
244,1213
244,204
244,113
244,236
244,2200
245,1
246,1
247,1
247,42
248,1
249,1
249,37
250,1
251,1
252,1
252,46
252,3614
252,3725
253,1
253,43
254,1
254,715
254,8
254,225
254,853
254,113
255,1
256,1
256,1653
256,814
257,1
257,225
257,277
257,204
257,244
257,2474
257,1249
257,1250
257,1251
257,1252
257,1239
257,1439
257,884
257,1158
258,1
258,43
258,42
258,189
258,117
258,221
258,192
258,231
258,2732
258,123
258,455
258,884
259,1
259,42
259,258
260,1
261,1
261,135
261,53
261,43
261,46
261,30
261,139
261,284
261,45
261,1162
261,857
261,1805
261,1699
261,1738
261,80
261,258
261,1512
261,1387
261,540
261,82
261,822
261,692
261,583
261,360
261,550
261,1430
261,1133
261,1031
261,3245
261,2478
261,3374
261,1622
261,2691
261,1659
261,701
261,1249
261,1250
261,1251
261,1252
261,884
261,133
262,1
262,49
262,53
262,139
262,276
262,8
262,244
262,540
262,2985
262,2986
262,689
262,1133
262,2974
262,2987
262,701
262,133
262,1249
262,1250
262,1251
262,1252
262,884
262,1239
262,2988
263,1
264,1
264,39
264,2567
264,225
265,1
265,149
265,75
266,1
267,1
267,53
268,1
268,42
268,115
269,1
269,49
269,149
269,135
269,53
269,46
269,70
269,139
269,1162
269,14
269,20
269,131
269,205
269,8
269,225
269,1908
269,121
270,1
270,264
271,1
271,53
271,43
271,45
271,1071
271,1019
271,268
271,2003
271,121
271,1477
272,1
273,1
274,1
274,72
275,1
275,1009
276,1
276,49
276,612
276,547
276,43
276,30
276,675
276,8
276,684
276,171
276,244
276,258
276,1043
276,1030
276,42
276,542
276,259
276,117
276,541
276,1026
276,100
276,216
276,2000
276,853
276,731
276,857
276,242
276,253
276,799
276,26
276,126
276,1162
276,275
276,520
276,1266
276,1578
276,1238
276,207
276,2083
276,283
276,1959
276,1106
276,843
276,2084
276,14
276,115
276,2085
276,537
276,1239
276,884
276,225
276,133
276,1652
276,1171
276,1172
277,1
277,149
277,1653
277,68
277,2425
277,1029
277,241
278,1
278,82
278,61
278,246
279,1
280,1
281,1
281,37
281,129
281,689
282,1
282,43
282,37
282,45
282,72
282,269
282,117
282,13
282,1965
282,1238
282,2381
282,884
283,1
283,53
283,43
283,610
283,13
283,271
283,282
284,1
284,711
284,53
284,43
284,46
284,117
284,244
284,238
284,140
284,278
284,277
284,258
284,185
284,221
284,8
284,50
284,11
284,115
285,1
285,83
286,1
287,1
287,72
287,42
287,196
287,884
288,1
289,1
290,1
290,121
291,1
291,115
292,1
292,72
293,1
293,45
293,72
294,1
295,1
296,1
296,294
296,121
297,1
297,37
297,72
297,38
297,96
297,271
297,123
297,290
298,1
298,304
299,1
299,38
300,1
300,282
300,281
301,1
301,43
302,1
302,49
302,1481
302,13
302,675
303,1
303,43
304,1
305,1
305,49
305,149
305,37
305,139
305,45
305,72
305,38
305,1806
305,271
305,304
305,134
305,282
305,290
305,546
305,162
305,295
305,126
305,239
305,509
306,1
307,1
308,1
308,13
308,306
309,1
310,1
311,1
312,1
313,1
313,264
314,1
315,1
315,135
315,715
315,1939
315,625
315,1433
316,1
316,115
317,1
317,254
318,1
318,1481
319,1
320,1
320,149
320,53
320,43
320,139
320,315
321,1
322,1
323,1
323,38
323,305
324,1
325,1
326,1
327,1
328,1
328,139
328,541
329,1
329,21
329,305
330,1
330,72
330,522
331,1
331,72
331,330
332,1
332,45
332,277
333,1
334,1
334,133
335,1
336,1
337,1
337,269
338,1
338,53
338,269
338,33
339,1
340,1
341,1
342,1
342,49
342,11
342,267
342,133
343,1
344,1
345,1
345,135
345,133
345,134
345,126
345,342
346,1
346,345
347,1
347,53
348,1
348,149
348,135
348,139
348,589
349,1
349,49
349,135
349,53
349,43
349,70
349,139
349,276
349,1162
349,629
349,2194
349,133
349,20
349,137
349,79
349,22
349,221
349,161
349,518
349,14
349,337
349,140
349,1499
349,895
350,1
350,135
350,137
350,1869
351,1
351,135
351,44
352,1
353,1
353,38
354,1
354,135
354,37
355,1
355,149
355,43
355,37
355,39
355,84
355,238
355,174
355,88
355,185
355,195
355,50
355,2202
355,2500
356,1
356,49
356,43
356,46
356,131
356,271
356,3140
356,287
356,1528
357,1
358,1
358,139
358,115
358,131
359,1
359,135
359,37
359,139
359,51
359,459
360,1
360,135
360,43
360,681
360,46
360,30
360,38
360,1818
360,1387
360,1427
360,1395
360,133
360,134
360,1095
361,1
361,70
361,131
362,1
363,1
363,49
363,355
363,133
364,1
365,1
365,620
365,239
366,1
367,1
368,1
369,1
370,1
371,1
372,1
373,1
373,49
373,43
373,139
373,276
373,1162
373,349
373,610
373,11
373,231
373,174
373,305
373,137
373,2453
374,1
375,1
375,356
376,1
377,1
377,1548
378,1
378,37
379,1
380,1
380,239
380,151
380,368
381,1
381,149
381,30
381,174
381,379
382,1
383,1
383,11
384,1
385,1
385,349
385,136
385,1359
385,2527
385,2528
386,1
386,3722
387,1
388,1
389,1
389,53
390,1
391,1
391,355
391,511
392,1
393,1
393,49
393,3635
394,1
394,149
394,135
394,559
394,3404
394,895
395,1
395,45
395,38
395,265
395,145
395,141
395,387
396,1
396,49
397,1
398,1
398,278
402,49
402,149
402,51
402,74
409,690
409,135
409,53
409,140
410,276
410,79
412,238
418,97
419,276
419,178
422,612
422,43
422,79
422,355
422,258
422,39
422,1248
422,92
422,178
422,22
425,562
428,195
431,384
441,178
450,276
450,154
450,3392
451,284
451,1071
451,11
451,238
451,62
451,105
451,237
451,3272
451,231
451,3273
452,109
459,349
464,43
465,13
474,320
476,850
476,115
476,264
476,133
480,305
480,133
496,139
502,74
502,150
507,135
507,137
507,3183
507,2680
507,2617
511,137
512,49
512,682
512,154
513,49
513,43
513,46
513,79
513,2928
513,2929
513,869
513,221
513,1777
514,49
514,276
514,610
514,1806
514,8
514,793
514,105
514,223
514,451
514,62
515,49
515,564
515,547
515,53
515,349
515,244
515,258
515,262
515,221
515,881
515,8
515,236
515,259
515,1953
515,342
515,271
515,2427
516,49
516,1162
516,2714
516,3733
516,1239
517,49
517,149
517,51
517,48
517,997
517,265
517,133
518,49
518,70
518,21
518,1699
518,617
519,49
519,135
519,53
519,30
519,528
519,1304
519,296
519,1968
519,25
519,373
519,123
519,1938
519,83
519,269
519,291
519,301
519,2333
519,356
519,316
519,133
520,49
520,149
520,135
520,53
520,681
520,46
520,70
520,30
520,139
520,21
520,72
520,349
520,637
520,269
520,1481
520,50
520,617
520,556
520,2308
520,2697
520,511
521,49
521,547
521,135
521,53
521,43
521,70
521,30
521,1162
521,349
521,2457
521,244
521,520
521,2458
521,197
521,372
521,133
522,49
522,70
522,45
522,14
522,1561
522,1442
523,49
523,79
523,258
523,117
523,244
523,589
523,120
523,1239
523,884
524,49
524,149
524,135
524,53
524,70
524,541
524,1162
524,521
524,385
524,540
524,943
524,195
524,131
524,350
524,354
524,2661
524,2662
525,49
526,49
526,276
527,49
527,149
527,50
527,537
527,3209
527,2660
527,696
527,402
528,49
528,135
528,53
528,43
528,46
528,70
528,139
528,45
528,1162
528,349
528,269
528,842
528,515
528,2327
528,258
528,622
528,1003
528,2328
528,879
528,1243
528,2308
528,126
528,480
528,136
528,129
528,634
528,1387
528,1659
528,2218
529,49
529,135
529,53
529,43
529,541
529,21
529,528
529,625
529,8
529,1178
529,154
529,356
529,892
529,2986
530,49
530,149
530,21
530,579
530,884
531,49
531,149
531,53
531,21
531,48
531,2660
531,1362
531,265
531,1249
531,1250
531,1251
531,1252
531,884
532,49
532,675
532,1970
533,49
533,135
533,30
533,139
533,541
533,8
533,197
533,318
533,1966
533,1394
533,507
534,49
534,149
534,46
534,37
534,21
534,239
534,698
534,674
534,48
534,531
534,75
534,74
535,49
535,149
535,135
535,53
535,46
535,70
535,37
535,659
535,139
535,21
535,14
535,2211
535,2212
535,96
535,151
535,2213
535,117
535,8
535,158
535,317
535,692
535,120
535,524
535,2214
535,131
535,528
535,373
535,2215
535,517
535,402
535,51
536,49
536,535
536,538
536,50
536,580
537,49
537,149
537,534
537,580
537,536
537,261
537,517
537,96
538,49
538,149
538,53
538,543
538,21
538,535
538,674
538,698
538,701
538,534
538,544
538,537
538,50
538,533
538,577
538,517
538,48
538,402
538,987
539,49
539,46
539,45
539,79
539,1699
539,80
539,604
539,39
539,513
539,1704
539,3275
539,1712
539,3276
539,1564
539,1761
539,584
539,1080
539,1025
540,49
540,690
540,149
540,547
540,135
540,53
540,682
540,562
540,284
540,276
540,535
540,1162
540,349
540,528
540,519
540,515
540,257
540,373
540,8
540,42
540,50
540,258
540,117
540,244
540,115
540,174
540,129
540,221
540,2030
540,514
540,225
540,264
540,455
540,62
540,450
540,2972
540,231
540,60
540,1109
540,113
540,254
540,268
540,812
540,283
540,1018
540,224
540,63
540,204
540,2973
540,1293
540,2974
540,236
540,316
540,249
540,165
540,123
540,1183
540,320
540,271
540,82
540,342
540,2975
540,1855
540,2976
540,2977
540,1228
540,2376
540,741
540,2978
540,1172
540,1652
540,704
541,49
541,149
541,135
541,43
541,70
541,30
541,139
541,675
541,221
541,174
541,349
541,637
541,21
541,80
541,8
541,153
541,83
541,13
541,402
541,540
542,49
542,149
542,135
542,46
542,70
542,30
542,139
542,541
542,72
542,535
542,1162
542,521
542,520
542,625
542,529
542,301
542,131
542,528
542,1249
542,1251
542,1252
542,884
543,49
543,149
543,674
543,1993
543,1994
543,989
543,533
543,144
543,51
543,537
543,985
543,396
543,1159
543,1995
543,1996
543,535
544,49
544,149
544,37
544,2512
544,75
544,1989
544,531
544,530
545,49
545,564
545,135
545,46
545,139
545,715
545,72
545,610
545,604
545,1259
545,74
545,1717
546,49
546,70
546,139
546,541
546,1162
546,610
546,519
546,515
546,521
546,1159
546,540
547,49
547,113
547,546
547,29
547,1308
547,735
547,1013
547,221
547,243
547,8
547,284
547,43
547,1309
547,1310
547,39
547,728
547,1037
547,1079
547,562
547,1311
547,680
547,1164
547,1312
547,1016
547,1313
547,1136
547,716
547,117
547,53
547,62
547,174
547,450
547,236
547,398
547,115
547,528
547,136
547,805
547,231
547,982
547,1010
547,776
547,1314
547,517
547,22
547,1024
547,1040
547,1315
547,1316
547,1030
547,548
547,572
547,1317
547,1233
547,1318
547,259
547,1042
547,1319
547,1320
547,800
547,868
547,1321
547,1322
547,1152
547,1323
547,742
547,1324
547,1325
547,1326
547,320
547,33
547,692
547,1041
547,1327
547,553
547,1240
547,523
547,1222
547,1328
547,1329
547,1330
547,1331
547,186
547,1332
547,1333
547,1334
547,1335
547,1336
547,1337
547,1338
547,1339
547,1340
547,1341
547,1342
547,1343
547,1344
547,1345
547,1346
547,1347
547,1348
547,1349
547,1350
547,1351
547,655
547,1352
547,1353
547,1354
547,1052
547,362
547,193
547,1355
547,1356
547,1357
547,1358
547,89
547,1359
547,1360
547,264
547,1095
547,254
547,360
547,1361
547,761
547,1142
547,798
547,729
547,1362
547,419
547,1363
547,1364
547,1365
547,1366
547,1367
547,292
547,1368
547,1097
547,1369
547,1096
547,1370
547,1371
547,1372
547,1373
547,1374
547,18
547,519
547,853
547,1375
547,1094
547,359
547,133
547,1265
547,1266
547,1376
547,701
547,1377
547,1378
547,1379
547,1262
547,1380
547,1381
547,1382
547,1383
547,1384
547,1385
547,1386
547,181
548,49
548,53
548,284
548,79
548,8
548,82
548,689
549,49
549,43
549,276
549,541
549,349
549,79
549,609
549,1447
549,1482
549,969
550,49
550,149
551,49
551,149
551,21
551,994
552,49
552,564
552,43
552,136
552,195
552,48
552,527
552,884
553,49
553,135
553,70
553,528
553,1402
553,2295
553,258
553,227
554,49
554,135
554,43
554,46
554,70
554,139
554,131
554,360
554,133
554,1442
555,49
555,135
555,43
555,70
555,37
555,349
555,38
555,269
555,385
555,507
555,524
555,131
555,373
555,140
556,49
556,564
556,135
556,43
556,46
556,30
556,557
556,542
556,555
556,553
556,115
556,617
556,558
556,48
556,540
556,675
556,1854
556,552
556,3144
556,133
556,3145
556,2261
556,2262
556,589
556,1244
556,1535
556,588
556,1441
556,510
556,2453
556,924
557,49
557,149
557,135
557,53
557,43
557,70
557,659
557,139
557,715
557,533
557,133
557,373
557,385
557,528
557,555
557,2194
557,2195
557,519
557,131
557,136
557,381
557,1106
557,884
558,49
558,149
558,53
558,43
558,139
558,542
558,38
558,701
558,1451
558,1935
558,174
558,1854
558,1857
558,1185
558,391
558,1251
558,1249
558,1250
558,1252
558,884
559,49
559,149
559,349
559,355
559,1359
559,921
559,511
559,895
560,49
560,149
560,541
560,349
560,38
560,533
560,2058
560,1259
560,885
560,559
560,986
560,74
560,402
560,517
561,49
562,49
562,135
562,53
562,43
562,682
562,46
562,139
562,680
562,244
562,542
562,529
562,541
562,1051
562,583
562,553
562,528
562,269
562,1021
562,549
562,689
562,317
562,8
562,520
562,284
562,349
562,1178
562,831
562,1909
562,1738
562,355
562,153
562,616
562,154
562,1364
562,55
562,1189
562,193
562,531
562,1844
562,1118
562,1430
562,515
562,574
562,305
562,51
562,266
562,1238
562,1239
562,2001
562,373
563,49
563,547
563,135
563,43
563,46
563,276
563,513
563,422
563,284
563,541
563,39
563,887
563,139
563,562
563,512
563,1868
563,258
563,8
563,76
563,850
563,1200
563,524
563,153
563,80
563,1918
563,355
563,812
563,123
563,20
563,174
563,184
563,185
563,57
563,349
563,1919
563,40
563,428
563,1549
563,1101
564,49
564,716
564,126
564,276
564,617
564,136
564,1254
564,8
564,221
564,68
564,541
564,244
564,542
564,528
564,80
564,1255
564,547
564,50
564,13
564,129
564,562
564,312
564,1256
564,805
564,563
564,428
564,236
564,195
564,1257
564,455
564,225
564,262
564,558
564,450
564,535
564,117
564,1258
564,264
564,175
564,174
564,349
564,1162
564,546
564,83
564,361
564,480
564,1259
564,1260
564,305
564,197
564,284
564,519
564,162
564,25
564,139
564,1261
564,509
564,1025
564,937
564,1144
564,1074
564,1104
564,43
564,1262
564,1263
564,1264
564,1265
564,1266
564,540
564,514
564,1267
564,1268
564,1269
564,1270
564,1271
564,1272
564,1273
564,1274
564,1275
564,115
564,121
565,49
565,564
565,135
565,43
565,553
565,617
565,262
565,556
565,996
565,3243
566,49
566,558
566,74
567,49
567,46
567,51
567,1806
567,271
568,49
568,149
568,53
568,543
568,1679
568,355
568,969
568,396
568,679
568,2667
568,2668
568,558
568,150
568,1095
568,2669
568,597
568,527
569,49
569,1159
569,529
569,514
569,549
569,1877
569,3651
570,49
570,53
570,563
570,139
570,562
570,515
570,42
570,264
570,204
570,8
570,238
570,2503
570,258
570,1130
570,524
570,129
570,140
570,254
570,117
570,757
570,244
570,878
570,540
570,884
570,2504
571,49
571,564
571,547
571,43
571,682
571,46
571,563
571,562
571,284
571,541
571,716
571,45
571,743
571,349
571,79
571,1016
571,515
571,269
571,570
571,136
571,153
571,1512
571,154
571,611
571,675
571,184
571,8
571,11
571,261
571,98
571,2118
571,60
571,39
571,2589
571,1079
571,1264
571,20
571,513
571,548
571,89
571,83
571,706
571,545
571,6
571,1228
571,553
571,524
571,539
571,1003
571,869
571,788
571,238
571,1081
571,1213
571,1249
571,1250
571,1251
571,1252
571,1439
571,884
571,540
572,49
572,519
572,373
572,546
572,282
573,49
573,53
573,284
573,540
573,1222
573,565
573,342
574,49
574,547
574,135
574,43
574,46
574,30
574,528
574,521
574,136
574,1818
574,115
574,1232
574,1023
574,556
574,359
574,1133
575,49
575,135
575,133
576,49
576,543
577,49
577,543
577,522
577,544
577,534
577,50
577,537
577,55
577,137
577,265
577,551
577,566
577,699
578,49
578,149
578,564
578,543
578,517
578,671
578,2115
579,49
579,149
579,135
579,43
579,541
579,557
579,535
579,349
579,51
579,2152
579,556
579,528
579,1461
579,929
579,999
579,137
579,2256
579,2257
579,11
579,150
579,2258
579,527
579,578
579,554
579,2259
579,2260
579,2261
579,2262
579,511
580,49
581,49
581,21
582,49
582,46
582,45
582,1701
582,80
582,513
582,3162
582,3163
582,1745
582,539
582,3164
582,1704
582,1709
582,1751
582,2689
582,887
582,1707
582,261
583,49
583,46
583,45
583,522
583,1701
583,20
583,1178
583,604
583,55
583,513
583,540
583,82
583,1791
583,2753
583,1808
583,1356
583,701
583,1032
583,1133
584,49
584,564
584,547
584,46
584,563
584,139
584,715
584,541
584,45
584,538
584,1699
584,570
584,571
584,8
584,80
584,55
584,617
584,513
584,1721
584,675
584,2899
584,238
584,1748
584,1702
584,1611
584,582
584,831
584,422
584,1745
584,1698
584,767
584,1733
584,1800
584,674
584,261
584,3573
584,1789
584,1761
584,3162
584,2760
584,1768
584,1786
584,3740
584,3741
584,3742
584,3743
584,2121
584,3744
584,1799
584,1779
584,1764
584,3654
584,1781
584,1264
584,1783
584,3745
584,1803
584,1804
584,3656
584,884
585,49
585,682
585,20
585,675
585,3040
585,1672
585,1307
585,796
585,987
585,1070
585,1091
585,1107
586,49
586,563
586,562
586,20
586,8
586,195
586,101
586,441
586,189
587,49
587,564
587,53
587,43
587,682
587,46
587,562
587,624
587,45
587,1162
587,1805
587,521
587,1806
587,540
587,675
587,572
587,3010
587,3011
587,3012
587,3013
587,82
587,68
587,360
587,1388
587,121
587,271
587,589
587,1659
587,677
588,49
588,320
589,49
589,53
589,43
589,70
589,562
589,519
589,533
589,305
589,574
589,13
589,540
589,239
589,131
589,356
589,320
589,126
589,283
589,465
589,69
589,297
589,290
589,162
589,291
589,470
589,472
589,309
589,316
589,1937
589,317
590,49
590,135
590,43
590,681
590,46
590,70
590,30
590,659
590,562
590,542
590,528
590,269
590,524
590,129
590,133
590,556
590,3045
590,1435
590,348
590,1437
590,1562
591,49
591,149
591,53
591,70
591,139
591,541
591,21
591,542
591,555
591,1844
591,140
591,552
591,531
591,2846
592,49
592,557
592,560
592,137
592,586
592,556
592,567
592,1437
593,49
593,137
593,559
593,566
593,391
593,592
593,884
594,49
594,149
594,543
594,48
594,137
594,593
594,2212
594,577
594,14
594,61
595,49
595,149
595,53
595,43
595,349
595,131
596,49
596,558
596,511
597,49
597,149
597,547
597,139
597,284
597,1162
597,51
597,571
597,593
597,146
597,236
597,113
597,244
597,282
597,572
597,551
597,174
597,556
597,895
598,49
598,149
598,547
598,535
598,515
598,559
598,225
598,150
598,1215
599,49
599,149
599,543
599,535
599,517
600,49
600,517
600,3660
601,49
601,534
601,537
601,48
602,49
602,149
602,402
603,49
603,149
603,535
603,579
604,49
604,46
604,276
604,45
604,55
604,1698
604,1780
604,1709
604,582
604,513
604,2720
604,1798
604,2721
604,2722
604,2723
604,1230
604,584
604,2724
604,1308
604,2725
604,1746
604,1793
604,2688
604,2726
604,1772
604,1316
604,617
604,674
604,1803
605,49
606,49
606,30
606,544
606,50
607,49
607,149
607,51
608,49
608,46
608,45
608,513
608,582
608,539
608,1575
608,1804
609,49
609,564
609,43
609,563
609,659
609,562
609,284
609,276
609,349
609,528
609,79
609,571
609,616
609,735
609,221
609,238
609,1008
609,2951
609,1264
609,1230
609,1078
609,1262
610,49
610,564
610,547
610,43
610,682
610,563
610,284
610,276
610,349
610,115
610,2234
610,8
610,68
610,572
610,94
610,617
610,39
610,261
610,13
610,587
610,1512
610,539
610,1844
610,174
610,221
610,2235
610,1159
610,1183
610,452
610,269
610,571
610,459
610,305
610,1221
610,597
610,129
610,342
610,396
610,50
610,2236
610,540
610,1228
610,2237
610,126
610,1947
610,609
610,1249
610,1250
610,1252
610,1251
610,884
610,1239
610,2238
610,704
610,1219
610,2070
610,1269
610,1271
610,1272
610,1273
610,1274
610,1275
611,49
611,43
611,563
611,79
611,80
611,545
611,675
611,1222
611,585
611,3466
611,1081
611,1085
611,1086
611,1087
611,1089
611,2338
612,49
612,269
612,563
612,547
612,1071
612,541
612,548
612,257
612,221
612,349
612,79
612,610
612,184
612,571
612,562
612,185
612,195
612,542
612,80
612,153
612,284
612,39
612,22
612,725
612,277
612,174
612,92
612,83
612,1072
612,161
612,524
612,552
612,840
612,207
612,1073
612,129
612,309
612,231
612,1074
612,1075
612,1076
612,1077
612,1078
612,1079
612,1080
612,84
612,1081
612,1082
612,584
612,1083
612,1084
612,1085
612,1086
612,1087
612,1088
612,1089
612,43
612,790
612,1090
612,1091
612,1092
612,1093
612,1094
612,131
612,987
612,1095
612,1096
612,1097
612,1098
612,1099
612,1100
612,1101
612,1102
612,1103
612,1104
612,1105
612,40
612,1106
612,1107
613,49
613,612
613,43
613,20
614,49
614,528
614,8
614,687
614,50
614,1387
614,3245
614,133
615,49
615,139
615,715
615,528
615,50
615,2946
615,126
615,529
615,556
615,884
616,49
616,612
616,53
616,563
616,79
616,571
616,1785
616,191
616,1013
616,221
616,8
616,2634
616,2635
616,185
616,195
616,123
616,2636
616,1285
616,2637
616,540
617,49
617,135
617,43
617,46
617,70
617,563
617,139
617,562
617,276
617,349
617,528
617,538
617,515
617,373
617,8
617,568
617,533
617,50
617,545
617,2869
617,197
617,1428
617,674
617,698
617,113
617,2870
617,316
617,131
617,388
617,558
617,941
617,997
617,1837
617,74
617,2765
617,550
617,1477
617,987
617,1228
617,1239
617,1535
618,49
618,29
619,49
619,70
619,659
619,1162
619,50
619,574
619,1387
619,540
619,594
619,3245
619,2526
620,49
620,149
620,135
620,53
620,43
620,70
620,562
620,557
620,535
620,51
620,542
620,355
620,385
620,140
620,692
620,13
620,11
620,540
620,409
620,595
620,381
620,591
621,49
621,70
621,515
621,622
622,49
622,547
622,53
622,43
622,682
622,70
622,562
622,541
622,21
622,515
622,257
622,571
622,597
622,635
622,540
622,261
622,2935
622,2936
622,320
622,516
622,398
622,1449
622,549
622,1228
622,614
622,1133
622,556
622,133
623,49
623,149
623,30
623,545
623,540
624,49
624,149
624,564
624,547
624,53
624,43
624,562
624,519
624,541
624,154
624,284
624,617
624,8
624,1805
624,515
624,244
624,450
624,1162
624,522
624,574
624,195
624,243
624,514
624,253
624,275
624,542
624,524
624,113
624,231
624,2013
624,591
624,715
624,126
624,272
624,2014
624,350
624,622
624,610
624,21
624,1358
624,6
624,301
624,271
624,115
624,373
624,306
624,540
625,49
625,564
625,135
625,43
625,562
625,284
625,349
625,528
625,519
625,521
625,570
625,540
625,553
625,701
625,622
625,574
625,62
625,121
625,131
625,1283
625,884
625,133
626,49
626,53
626,70
626,519
626,625
626,83
626,556
626,565
626,3158
626,311
626,1442
627,49
627,564
627,135
627,43
627,46
627,70
627,30
627,139
627,562
627,45
627,557
627,528
627,637
627,521
627,269
627,574
627,82
627,604
627,1713
627,591
627,597
627,587
627,271
627,1418
627,305
627,626
627,136
627,134
627,533
627,115
627,129
627,590
627,1659
627,261
627,133
627,1434
628,49
628,135
628,43
628,305
629,49
629,149
629,517
629,598
629,146
629,402
629,3142
630,49
630,135
630,43
630,70
630,133
631,49
631,543
631,579
631,38
631,522
631,544
631,55
631,590
631,1935
631,154
631,676
631,626
631,577
631,360
631,896
631,402
631,265
631,677
631,261
631,674
632,49
632,43
632,70
632,591
632,140
632,556
632,150
632,1831
633,49
634,49
634,385
634,48
635,49
635,46
635,70
635,541
635,557
635,1162
635,610
635,269
635,373
635,268
635,1238
635,529
635,356
635,1544
635,997
636,49
636,20
636,8
636,140
636,1968
636,1187
637,49
637,149
637,564
637,135
637,53
637,43
637,70
637,30
637,72
637,535
637,528
637,38
637,545
637,50
637,514
637,556
637,2452
637,591
637,521
637,1951
637,14
637,620
637,131
637,617
637,140
637,137
637,560
637,1831
637,388
637,2258
637,884
637,2453
637,924
638,49
639,49
639,524
639,3146
639,67
639,3168
640,49
640,149
640,538
640,637
640,560
640,137
640,592
641,49
641,617
642,49
643,49
643,115
643,1325
643,1845
644,49
644,149
644,547
644,43
644,70
644,562
644,284
644,349
644,610
644,522
644,2302
644,74
644,884
644,133
644,540
645,49
645,557
646,49
647,49
647,149
647,349
647,645
647,511
648,49
649,49
650,49
650,558
651,49
652,49
652,612
652,571
652,568
652,39
652,238
652,154
652,153
653,49
654,49
654,393
655,49
655,579
655,533
655,559
655,593
655,592
655,595
655,636
655,511
656,49
656,70
656,1162
656,597
656,533
656,652
656,650
656,566
657,49
657,51
658,49
658,644
659,49
659,149
659,564
659,547
659,135
659,43
659,70
659,624
659,1162
659,571
659,626
659,910
659,528
659,579
659,1936
659,276
659,519
659,515
659,1937
659,21
659,620
659,635
659,373
659,625
659,589
659,1482
659,559
659,542
659,11
659,150
659,109
659,529
659,565
659,356
659,1508
659,139
659,1145
659,627
659,1938
659,617
659,320
659,523
659,133
659,1939
659,394
659,349
659,568
660,49
660,543
660,579
660,514
660,1814
661,49
662,49
662,612
662,277
663,49
663,547
663,644
663,568
663,517
663,994
664,49
665,49
665,543
666,49
667,49
668,49
668,566
669,49
669,269
669,989
669,1854
669,2149
670,49
670,149
670,51
670,578
671,49
671,629
671,3181
672,49
672,149
672,543
672,560
672,96
672,517
672,48
675,711
675,43
675,46
675,70
675,538
675,570
675,568
675,533
675,50
675,244
675,683
675,617
675,1296
675,13
675,545
675,540
675,529
675,698
675,82
675,197
675,674
675,1428
675,623
675,586
675,1471
675,686
675,727
675,1959
675,1168
675,1439
675,1261
675,3008
675,1239
676,139
676,519
676,574
676,663
676,71
677,21
677,538
677,577
678,1679
678,656
679,149
679,53
679,562
679,1365
680,70
680,276
680,857
680,1805
680,50
680,635
680,48
680,545
680,540
680,262
680,529
680,713
680,2357
680,2986
680,3652
680,689
680,753
680,884
680,1267
680,1239
681,135
681,43
681,644
681,30
681,480
681,1388
681,542
681,562
681,524
681,541
681,522
681,553
681,620
681,637
681,139
681,535
681,528
681,346
681,83
681,334
681,337
681,692
681,540
681,115
681,630
681,626
681,72
681,329
681,1693
681,1694
681,330
681,50
681,331
681,409
681,269
681,165
681,1695
681,36
681,44
681,136
681,482
681,1259
681,21
681,349
681,338
681,483
681,1696
681,46
682,612
682,564
682,547
682,43
682,1653
682,659
682,1654
682,1655
682,574
682,627
682,268
682,30
682,1656
682,277
682,243
682,1657
682,1658
682,1659
682,1660
682,1184
682,1661
682,1662
682,618
682,870
682,109
682,8
682,1663
682,1367
682,241
682,42
682,271
682,136
682,624
682,518
682,1664
682,2
682,476
682,1665
682,1666
682,987
682,1667
682,257
682,133
683,149
683,53
683,543
683,928
683,517
683,1527
683,133
684,564
684,547
684,53
684,43
684,624
684,574
684,617
684,587
684,802
684,855
684,884
685,637
686,149
686,579
686,48
686,74
686,632
686,550
686,532
687,149
687,564
687,284
687,276
687,1016
687,616
687,8
687,751
687,784
687,776
687,511
687,1249
687,1250
687,1251
687,1252
687,884
687,2714
688,149
688,681
688,560
688,21
688,896
688,644
688,543
688,1844
688,553
688,538
688,136
688,513
688,1845
688,659
688,1435
688,96
688,637
688,527
688,535
688,349
688,51
688,1512
688,522
688,540
688,517
688,629
688,355
688,396
688,617
688,627
688,624
688,276
688,1846
688,1847
688,1848
688,640
688,579
688,74
688,174
688,153
688,600
688,658
688,657
688,394
688,664
688,598
688,144
688,1849
688,578
688,1499
688,1806
689,564
689,547
689,682
689,46
689,659
689,284
689,276
689,1162
689,269
689,136
689,385
689,914
689,560
689,115
689,174
689,622
689,1491
689,1907
689,2521
689,940
689,2342
689,527
689,2376
689,1487
689,864
689,1848
689,549
689,2499
689,1289
689,1495
689,391
689,1869
689,937
689,1558
689,1674
689,595
689,395
689,2285
689,2233
689,599
689,941
689,741
689,1368
689,703
689,702
689,2175
689,3774
689,3775
689,2758
689,2713
689,2978
689,2649
689,1168
689,1253
689,3776
689,1594
689,1239
689,246
689,1526
689,3082
689,1215
689,1228
690,612
690,117
690,115
690,15
690,62
690,610
690,615
690,320
690,616
690,123
690,563
690,184
690,191
690,276
690,195
690,541
690,587
690,106
690,223
690,349
690,58
690,254
690,244
690,877
690,373
690,113
690,562
690,682
690,185
690,192
690,40
690,878
690,879
690,880
690,217
690,659
690,514
690,221
690,553
690,881
690,618
690,644
690,235
690,564
690,284
690,189
690,20
690,355
690,22
690,275
690,524
690,882
690,229
690,59
690,207
690,100
690,94
690,687
690,205
690,584
690,662
690,103
690,105
690,107
690,222
690,224
690,609
690,53
690,225
690,548
690,535
690,384
690,162
690,291
690,136
690,547
690,43
690,515
690,8
690,243
690,259
690,258
690,883
690,884
691,690
691,135
691,688
691,70
691,541
691,355
691,752
691,373
691,195
691,174
691,770
691,540
691,552
691,652
691,360
691,126
691,3060
695,149
696,149
696,534
696,3400
696,677
698,396
699,681
699,563
699,373
699,305
699,96
699,1935
699,154
699,282
699,151
699,197
701,688
701,659
701,568
701,48
701,660
701,75
701,599
703,540
703,702
704,6
705,690
706,690
706,612
706,53
706,563
706,541
706,535
706,79
706,515
706,570
706,625
706,23
706,92
706,22
706,771
706,616
706,652
706,8
706,225
706,202
706,2629
706,2630
706,1422
706,2631
706,254
706,540
706,69
706,905
707,690
707,257
708,690
709,690
709,612
709,53
709,43
709,139
709,276
709,535
709,79
709,570
709,571
709,706
709,540
709,1260
709,154
709,39
709,689
709,267
709,523
709,129
709,812
709,13
710,690
710,43
710,563
710,284
710,276
710,857
710,570
710,625
710,571
710,706
710,687
710,609
711,690
711,612
711,1159
711,541
711,1160
711,42
711,563
711,1161
711,1162
711,136
711,366
711,710
711,547
711,8
711,43
711,624
711,706
711,546
711,531
711,880
711,227
711,564
711,562
711,50
711,68
711,30
711,529
711,542
711,1163
711,558
711,1164
711,117
711,201
711,569
711,264
711,879
711,1165
711,820
711,195
711,1166
711,587
711,455
711,1167
711,243
711,345
711,597
711,258
711,553
711,514
711,254
711,571
711,244
711,610
711,1168
711,688
711,409
711,305
711,51
711,33
711,1169
711,535
711,276
711,574
711,557
711,540
711,701
711,884
711,373
711,1170
712,690
712,612
712,547
712,276
713,690
713,711
713,547
713,70
713,624
713,284
713,571
713,8
713,117
713,540
713,636
713,183
713,1525
714,690
714,711
714,547
714,94
714,1145
714,689
715,690
715,612
715,564
715,547
715,135
715,53
715,43
715,70
715,37
715,563
715,30
715,139
715,562
715,1611
715,284
715,616
715,542
715,548
715,42
715,741
715,269
715,687
715,1107
715,622
715,587
715,565
715,519
715,590
715,778
715,258
715,725
715,692
715,528
715,627
715,451
715,625
715,1968
715,684
715,1953
715,1513
715,574
715,626
715,617
715,136
715,115
715,334
715,348
715,1104
715,710
715,609
715,570
715,1312
715,1185
715,192
715,2027
715,1447
715,2028
715,62
715,514
715,68
715,515
715,689
715,552
715,6
715,691
715,556
715,72
715,571
715,521
715,619
715,2029
715,312
715,589
715,595
715,1319
715,579
715,345
715,45
715,359
715,381
715,140
715,1959
715,1080
715,540
715,884
715,2030
715,133
716,690
716,43
716,688
716,563
716,562
716,715
716,284
716,184
716,185
716,610
716,706
716,79
716,269
716,15
716,154
716,117
716,710
716,84
716,174
716,85
716,18
716,422
716,523
716,691
716,54
716,39
716,1013
716,189
716,258
716,192
716,181
717,690
717,80
717,58
718,690
718,711
718,53
718,276
718,229
718,514
718,244
718,373
718,540
718,2363
718,8
718,42
718,709
718,531
718,548
718,553
719,690
720,690
720,612
720,711
720,565
721,690
721,711
721,284
721,716
721,195
721,82
721,713
721,184
721,1080
722,690
723,690
724,690
725,690
725,43
725,563
725,355
725,570
725,616
725,123
725,209
726,690
726,149
726,688
727,690
727,711
727,816
727,244
727,540
727,689
727,795
727,2649
728,690
728,612
728,716
728,1071
728,570
728,687
728,2607
728,15
728,238
728,94
728,512
728,1230
728,514
729,690
729,711
729,564
729,53
729,624
729,195
729,540
729,254
730,690
730,715
730,579
731,690
731,612
731,711
731,547
731,135
731,43
731,563
731,562
731,624
731,715
731,284
731,610
731,609
731,244
731,264
731,373
731,79
731,622
731,519
731,269
731,716
731,553
731,115
731,39
731,535
731,1016
731,174
731,943
731,598
731,691
731,570
731,713
731,1471
731,587
731,634
731,516
731,277
731,521
731,529
731,709
731,627
731,1696
731,676
731,2095
731,540
731,704
731,589
731,480
732,690
732,612
732,564
732,624
732,715
732,276
732,610
732,570
732,8
732,80
732,258
732,244
732,115
732,264
732,540
732,725
732,206
732,58
732,243
732,261
732,689
732,884
733,690
733,540
734,690
735,690
735,43
735,715
735,541
735,731
735,644
735,706
735,524
735,513
735,39
735,1230
735,174
735,18
735,422
735,171
735,586
735,359
735,529
735,1094
735,1100
736,690
736,612
736,711
736,563
736,562
737,690
737,612
737,243
738,690
739,690
740,690
740,711
740,284
740,570
741,690
741,624
742,690
742,564
742,540
743,690
743,612
743,711
743,564
743,547
743,43
743,563
743,562
743,624
743,276
743,541
743,731
743,716
743,39
743,540
743,663
743,186
743,718
743,258
743,636
743,140
743,184
743,710
743,154
743,539
743,79
743,238
743,542
743,1462
743,523
743,1101
743,81
743,732
743,15
743,422
743,192
743,709
743,728
743,40
743,207
743,727
743,720
743,349
743,189
743,244
743,625
743,991
743,8
743,181
744,690
745,690
746,690
746,688
747,690
748,690
748,612
748,542
748,538
748,570
748,601
748,672
748,384
749,690
750,690
750,135
750,139
750,715
750,574
750,328
751,690
751,612
751,100
751,40
751,737
751,757
752,690
752,612
752,716
752,743
752,349
752,79
752,85
752,735
752,189
752,705
752,714
752,737
752,1462
752,1581
752,609
752,98
752,99
752,192
752,720
752,549
752,195
753,690
753,624
753,689
754,690
755,690
755,711
756,690
757,690
757,564
757,547
757,715
757,850
757,284
757,276
757,718
757,625
757,709
757,553
757,42
757,258
757,117
757,244
757,1972
757,221
757,540
757,710
757,514
757,154
757,62
757,2
757,1123
757,1395
757,1213
757,680
757,3738
757,2036
757,3763
757,689
757,2713
757,2758
757,884
758,690
758,711
758,547
759,690
759,701
760,690
760,688
760,659
760,284
760,1162
760,597
761,690
761,718
761,540
761,3590
761,757
762,690
762,612
762,564
762,135
762,43
762,681
762,70
762,563
762,659
762,276
762,716
762,743
762,542
762,718
762,79
762,616
762,195
762,880
762,540
762,587
762,133
762,1318
762,588
762,102
762,514
762,589
763,690
763,564
763,659
763,562
763,553
763,540
763,3444
764,690
764,564
764,1285
765,690
765,149
765,570
765,540
766,690
767,690
767,50
767,271
767,3250
767,884
767,133
768,690
768,564
768,547
768,659
768,715
768,276
768,610
768,244
768,540
768,262
768,799
768,713
768,660
769,690
769,149
769,612
769,53
769,43
769,46
769,688
769,70
769,563
769,30
769,562
769,715
769,284
769,731
769,716
769,610
769,570
769,1026
769,571
769,591
769,2607
769,617
769,513
769,609
769,684
769,1264
769,706
769,225
769,727
769,8
769,262
769,312
769,1078
769,1362
769,244
769,2608
769,701
769,529
769,1379
769,540
770,690
770,612
770,711
770,563
770,731
770,557
770,51
770,542
770,79
770,570
770,20
770,80
770,709
770,735
770,195
770,39
770,728
770,545
770,154
770,539
770,84
770,92
770,1803
771,690
772,690
773,690
774,690
774,149
774,612
774,547
774,284
774,276
774,541
774,731
774,716
774,743
774,1162
774,349
774,528
774,515
774,269
774,570
774,8
774,524
774,117
774,271
774,185
774,191
774,174
774,884
775,690
775,345
776,690
776,53
776,562
776,284
776,728
776,282
777,690
777,564
777,563
777,276
777,50
777,1587
777,753
778,690
778,612
778,711
778,53
778,43
778,563
778,562
778,541
778,731
778,743
778,610
778,51
778,728
778,616
778,153
778,236
778,769
778,752
778,197
778,117
778,189
778,617
778,2298
778,687
778,85
778,419
778,185
778,2299
778,735
778,548
778,722
778,409
778,195
778,33
778,221
778,129
778,587
778,777
778,570
778,207
778,433
778,540
778,1101
778,181
779,690
779,769
780,690
780,850
780,571
781,690
781,564
781,718
782,690
782,43
782,562
783,690
784,690
784,612
784,43
784,563
784,562
784,715
784,284
784,716
784,610
784,778
784,857
784,257
784,571
784,769
784,616
784,8
784,80
784,709
784,735
784,39
784,422
784,762
784,751
784,154
784,549
784,652
784,607
784,609
784,650
784,18
784,1573
784,22
784,192
784,725
784,215
784,216
784,660
784,2121
784,2766
784,2012
784,2767
784,107
785,690
785,540
786,690
786,784
786,609
787,690
788,690
788,139
788,562
788,276
788,540
788,82
788,514
788,776
789,690
789,543
789,521
789,533
789,1326
789,540
789,2363
789,133
790,690
790,563
790,639
791,690
791,612
792,690
793,690
793,612
793,547
793,139
793,624
793,269
793,568
793,732
793,754
793,69
793,2211
794,690
794,53
794,43
794,682
794,276
794,716
794,79
794,571
794,195
794,129
794,721
794,689
795,690
795,547
795,562
795,284
795,515
795,244
795,768
795,881
795,439
796,690
796,711
796,135
796,562
796,715
796,535
796,51
796,355
796,14
796,2485
797,690
798,690
798,743
798,20
798,22
799,690
799,43
799,624
799,284
799,570
799,524
799,244
799,774
799,540
799,262
799,2030
799,760
799,684
799,884
800,690
800,564
800,269
800,8
800,262
800,451
800,58
801,690
802,690
802,543
802,624
802,663
802,264
802,598
802,451
802,855
803,690
803,564
803,547
803,540
803,764
804,690
804,46
804,45
804,617
804,1712
804,1316
804,584
805,690
805,682
805,563
805,778
805,355
805,735
805,185
805,770
805,18
806,690
807,690
807,735
807,683
807,3329
808,690
808,43
808,80
808,636
808,92
808,1118
809,690
810,690
810,564
810,43
810,562
810,276
810,541
810,528
810,706
810,8
810,524
810,784
810,185
810,2501
810,1966
811,690
811,612
811,547
811,743
811,778
811,644
811,258
811,721
811,192
812,690
812,711
812,547
812,135
812,43
812,659
812,139
812,624
812,715
812,528
812,571
812,616
812,514
812,689
812,225
813,690
813,612
813,345
814,690
814,612
814,682
814,1071
814,195
814,1653
814,794
814,1029
814,427
814,3327
815,690
815,711
815,547
815,195
815,282
816,690
816,612
816,711
816,43
816,563
816,570
816,184
816,174
816,345
816,743
816,616
816,51
816,709
816,422
816,777
816,541
816,752
816,784
816,117
816,728
816,659
816,535
816,185
816,731
816,189
816,513
816,539
816,606
816,706
816,770
816,163
816,552
816,1213
816,735
816,542
816,52
816,18
816,452
816,716
816,586
816,781
816,39
816,259
816,102
816,778
816,713
816,1013
816,129
816,187
816,106
816,221
816,231
816,161
816,45
816,258
816,787
816,1117
816,715
816,524
816,732
816,192
817,690
817,549
818,690
818,816
818,563
818,276
818,743
819,690
819,711
819,564
819,816
819,731
819,778
819,616
820,690
820,778
820,706
820,1159
821,690
821,612
821,579
821,269
821,48
821,2098
822,690
822,612
822,711
822,564
822,135
822,43
822,70
822,139
822,731
822,1162
822,349
822,610
822,519
822,515
822,627
822,11
822,373
822,574
822,774
822,140
822,540
822,225
822,817
822,235
823,690
823,816
823,706
824,690
824,612
824,564
824,816
824,778
824,706
824,735
824,784
824,129
824,2629
824,3176
825,690
825,1679
825,136
825,635
825,67
825,59
825,2261
825,2260
826,690
827,690
827,779
827,777
828,690
828,271
829,690
829,269
829,533
830,690
831,690
831,612
831,547
831,816
831,563
831,716
831,579
831,79
831,355
831,571
831,20
831,769
831,616
831,8
831,529
831,154
831,767
831,189
831,684
831,761
831,793
831,757
831,680
832,690
833,690
834,690
834,564
834,715
834,276
834,514
835,690
835,714
836,690
836,775
836,589
837,690
837,53
837,617
838,690
838,547
838,715
838,541
838,373
838,615
838,540
838,65
838,229
838,1506
838,133
838,1959
838,2758
839,690
839,547
839,43
839,659
839,139
839,562
839,284
839,716
839,1162
839,79
839,515
839,571
839,8
839,553
839,622
839,732
839,691
839,598
839,2127
839,1233
840,690
840,349
841,690
841,547
841,688
841,774
842,690
842,612
842,135
842,43
842,70
842,139
842,284
842,610
842,269
842,1034
842,574
842,44
842,762
842,1387
842,689
842,626
842,774
842,1471
842,622
842,540
842,115
842,1319
842,409
842,691
842,352
842,588
843,690
843,8
844,690
844,258
845,690
846,690
846,547
847,690
847,711
847,564
847,547
847,659
847,624
847,715
847,276
847,1162
847,519
847,136
847,373
847,574
847,221
847,540
847,839
847,225
848,690
848,540
849,690
849,624
850,690
850,612
850,711
850,564
850,816
850,681
850,715
850,718
850,714
850,62
850,743
850,117
850,238
850,709
850,754
850,784
850,716
850,79
850,735
850,752
850,189
850,803
850,284
850,542
850,769
850,33
850,606
850,39
850,89
850,20
850,798
850,811
850,732
850,523
850,720
850,80
850,706
850,269
850,584
850,738
850,115
850,540
850,793
850,729
850,276
851,690
851,714
852,690
853,690
853,564
853,515
853,8
853,195
853,258
853,757
854,690
854,689
855,690
855,547
855,850
855,555
855,540
855,713
855,812
855,671
855,800
855,384
855,317
855,253
855,776
855,1168
856,690
856,612
856,711
856,564
856,547
856,43
856,816
856,681
856,688
856,659
856,715
856,51
856,519
856,521
856,373
856,574
856,761
856,244
856,1319
856,884
856,133
856,540
857,690
857,612
857,711
857,563
857,624
857,284
857,689
857,571
857,529
857,718
857,768
857,2336
857,539
857,1043
857,570
857,79
857,637
857,2337
857,1919
857,1159
857,175
857,262
857,822
857,68
857,1228
857,244
857,757
857,2338
857,714
857,776
857,540
857,2339
858,690
859,690
860,690
860,277
861,690
861,149
861,711
861,547
861,276
861,743
861,718
861,570
861,373
861,244
861,617
861,540
861,514
861,68
861,712
861,884
862,690
862,564
862,8
863,690
864,690
864,149
864,711
864,1162
864,625
865,690
865,624
866,690
867,690
867,53
867,731
867,1188
867,193
868,690
868,570
868,373
868,553
868,742
869,690
869,688
869,715
869,850
869,579
869,1805
869,644
869,570
869,706
869,1818
869,735
869,1844
869,1999
869,83
869,3026
869,855
869,218
869,514
869,800
869,1032
869,1970
869,1388
869,123
869,742
869,767
869,476
869,676
870,690
871,690
871,149
872,690
872,540
873,690
873,244
873,733
874,690
874,802
875,690
875,624
875,276
875,1162
875,774
875,174
875,839
875,261
875,359
875,272
876,690
876,612
876,711
876,547
876,135
876,53
876,816
876,682
876,681
876,46
876,37
876,563
876,659
876,562
876,624
876,715
876,284
876,276
876,716
876,540
876,687
876,735
876,18
876,195
876,769
876,705
876,869
876,42
876,610
876,8
876,774
876,1162
876,619
876,1238
876,345
876,349
876,351
876,620
876,530
876,79
876,1230
876,724
876,784
876,752
876,2114
876,189
876,20
876,207
876,102
876,721
876,793
876,514
876,109
876,788
876,2115
876,799
876,26
876,263
876,242
876,794
876,635
876,1470
876,812
876,342
876,174
876,614
876,283
876,396
876,121
876,292
876,2116
876,126
876,301
876,1679
876,1539
876,131
876,1418
876,637
876,627
876,83
876,350
876,44
876,1545
876,632
876,1866
876,579
876,589
876,884
878,816
878,716
878,778
878,258
878,811
878,209
878,187
879,564
879,135
879,519
879,636
880,43
880,276
880,244
880,174
880,129
880,540
880,713
880,721
880,812
880,254
880,799
880,26
880,267
880,618
881,816
881,850
881,757
884,564
884,547
884,857
884,544
884,8
884,568
884,1818
884,1326
884,622
884,540
884,1444
884,675
884,587
884,1251
884,1239
884,133
885,149
885,597
885,566
886,149
886,624
886,14
886,123
887,149
887,522
887,11
887,1296
887,1387
887,1444
888,149
888,43
888,30
888,139
888,541
888,716
888,51
888,544
888,620
888,373
888,597
888,784
888,2817
888,517
888,174
888,617
888,551
888,189
888,591
888,527
889,149
889,131
890,149
890,37
890,543
890,45
890,38
890,305
890,598
890,146
890,807
890,3329
891,149
891,543
892,149
892,43
892,2045
892,2918
893,149
893,53
893,559
893,3384
894,149
894,579
894,644
894,532
894,147
894,701
895,149
895,688
895,2151
896,149
896,597
896,537
897,149
897,1844
897,402
898,149
899,149
899,688
900,149
900,543
900,579
900,538
900,517
900,74
900,402
900,576
901,149
902,149
902,688
903,149
903,560
903,567
904,149
904,133
905,149
905,11
905,593
905,2938
906,149
906,555
906,556
907,149
907,688
907,544
907,140
907,593
908,149
908,579
909,149
909,3471
910,149
910,135
910,46
910,37
910,557
910,519
910,133
911,149
911,888
911,655
911,900
912,149
912,74
913,149
913,688
914,149
914,543
914,349
914,538
914,644
914,637
914,385
914,678
914,550
914,560
914,511
914,597
914,655
914,885
914,391
914,894
914,650
914,596
914,568
914,517
915,149
915,579
915,538
915,888
915,662
916,149
916,543
916,51
916,96
916,671
916,3378
917,149
917,38
917,391
918,149
918,53
919,149
920,149
920,135
920,37
921,149
921,564
921,547
921,1162
921,2566
921,900
921,1442
922,149
923,149
923,688
924,149
924,688
924,1679
924,821
925,149
925,688
925,3522
926,149
927,149
928,149
928,276
928,743
928,79
928,20
928,751
929,149
929,135
929,1359
929,668
929,133
929,3034
929,567
930,149
930,53
930,681
930,38
930,620
931,149
931,53
932,149
932,43
932,876
932,557
932,579
932,136
932,732
932,137
933,149
933,688
933,637
933,683
933,507
933,932
933,2211
934,149
935,149
935,45
935,109
936,149
937,149
937,914
937,597
937,3406
937,934
937,924
938,149
939,149
939,547
939,921
940,149
940,51
940,38
940,531
940,593
940,885
940,807
941,149
941,695
941,701
942,149
942,349
942,914
942,593
942,391
942,647
943,149
943,579
943,140
943,593
943,359
943,638
944,149
944,543
944,914
944,598
944,701
945,149
946,149
946,856
946,594
947,149
947,688
947,914
947,568
947,662
947,915
947,902
947,666
948,149
948,876
948,373
948,593
949,149
949,53
949,921
949,701
950,149
950,135
950,43
950,70
950,715
950,528
950,519
950,553
950,1034
950,558
950,531
950,540
950,588
950,476
950,619
950,154
950,61
950,1693
950,3015
950,1434
951,149
951,535
952,149
952,422
953,149
953,43
953,70
953,562
953,715
953,284
953,72
953,1162
953,269
953,136
953,8
953,540
953,838
953,546
954,149
954,547
954,70
954,30
954,659
954,519
954,524
954,617
954,839
955,149
955,547
955,876
955,689
955,3607
956,149
956,547
956,53
956,688
956,70
956,624
956,731
956,515
956,620
956,558
956,540
957,149
957,301
958,149
958,681
958,659
958,72
958,519
958,522
958,553
958,2973
959,149
959,681
960,149
960,135
960,681
960,876
960,590
961,149
961,37
961,715
961,555
961,131
961,92
962,149
962,145
962,380
962,395
963,149
963,892
964,149
964,568
965,149
965,665
965,3102
966,149
966,53
966,136
966,655
966,119
967,149
968,149
968,579
968,373
968,652
968,831
969,149
969,579
969,38
969,911
969,2257
969,148
970,149
970,517
970,137
970,940
970,150
971,149
971,644
971,914
971,683
971,911
971,807
972,149
972,896
972,973
972,3014
973,149
973,3632
974,149
975,149
976,149
976,914
976,2215
976,576
977,149
978,149
978,1446
978,560
978,894
978,391
978,937
978,911
979,149
980,149
981,149
982,149
982,543
982,1939
982,541
982,136
982,559
982,839
982,592
982,941
983,149
983,543
983,531
983,695
983,3382
984,149
985,149
985,150
986,149
986,688
986,51
986,74
987,149
987,688
987,557
987,616
987,675
987,663
987,686
987,549
987,150
987,589
987,658
987,941
987,701
988,149
988,688
988,543
988,568
988,517
989,149
989,43
989,349
989,774
989,617
989,369
989,2912
989,812
989,391
989,174
989,988
990,149
991,149
991,53
991,349
991,538
991,517
991,915
992,149
993,149
994,149
994,543
994,51
994,544
995,149
995,612
996,48
997,915
997,599
1000,21
1000,555
1000,537
1000,888
1000,517
1000,676
1000,595
1002,547
1002,731
1002,540
1003,547
1003,816
1003,688
1003,563
1003,13
1003,880
1007,612
1007,39
1007,728
1007,539
1007,94
1007,167
1007,607
1007,701
1008,612
1008,564
1008,43
1008,816
1008,563
1008,139
1008,562
1008,715
1008,731
1008,79
1008,571
1008,20
1008,8
1008,784
1008,617
1008,831
1008,814
1008,810
1008,65
1008,40
1008,236
1008,614
1009,612
1009,43
1009,715
1009,716
1009,752
1009,616
1009,185
1009,22
1010,612
1010,43
1010,30
1010,743
1010,195
1010,92
1011,612
1011,277
1012,612
1013,612
1013,563
1013,195
1013,878
1014,612
1014,563
1014,1009
1014,18
1014,680
1015,612
1015,816
1015,774
1015,191
1016,612
1016,711
1016,816
1016,563
1016,715
1016,541
1016,716
1016,770
1016,811
1016,721
1016,712
1016,728
1016,1008
1016,752
1016,598
1016,258
1016,275
1016,1013
1016,1359
1017,612
1017,816
1017,709
1017,185
1017,154
1017,189
1018,612
1018,109
1018,529
1019,612
1019,139
1019,257
1019,2423
1019,585
1019,277
1019,860
1019,1011
1019,2424
1019,814
1019,2425
1019,2426
1019,1592
1019,884
1020,612
1020,711
1020,816
1020,784
1020,869
1020,878
1021,612
1021,135
1021,43
1021,681
1021,46
1021,70
1021,30
1021,139
1021,624
1021,284
1021,743
1021,1162
1021,610
1021,11
1021,373
1021,305
1021,920
1021,799
1021,822
1021,26
1021,540
1021,880
1021,520
1021,82
1021,674
1021,589
1021,2755
1022,612
1023,612
1023,564
1023,547
1023,816
1023,715
1023,1162
1023,752
1023,8
1023,117
1023,221
1023,238
1023,824
1024,612
1024,43
1024,269
1024,616
1024,762
1024,94
1025,612
1025,850
1025,79
1025,238
1025,838
1026,612
1026,43
1026,816
1026,563
1026,850
1026,541
1026,743
1026,610
1026,51
1026,778
1026,570
1026,185
1026,831
1026,15
1026,728
1026,1017
1026,784
1026,238
1026,221
1026,262
1026,513
1026,770
1026,39
1026,8
1026,691
1026,584
1026,1025
1027,612
1028,612
1028,1653
1029,612
1029,748
1030,612
1030,682
1030,415
1031,612
1031,564
1031,715
1031,284
1031,625
1031,769
1031,244
1032,612
1032,564
1032,547
1032,43
1032,624
1032,743
1032,644
1032,50
1032,587
1032,663
1032,619
1032,261
1032,884
1033,612
1034,612
1034,564
1034,547
1034,563
1034,659
1034,562
1034,850
1034,284
1034,857
1034,269
1034,706
1034,345
1034,450
1034,675
1034,888
1034,83
1034,1283
1034,2397
1034,221
1034,33
1035,612
1036,612
1036,816
1036,682
1036,271
1037,612
1037,570
1037,39
1037,774
1037,770
1037,1025
1038,612
1038,711
1038,43
1038,30
1038,276
1038,535
1038,136
1038,1021
1038,1159
1038,129
1038,540
1038,529
1038,762
1038,626
1038,884
1038,2988
1039,612
1040,612
1040,816
1040,20
1040,735
1040,609
1040,586
1040,798
1041,612
1041,784
1042,612
1042,682
1042,1019
1042,257
1042,1653
1042,587
1042,1008
1042,514
1043,612
1043,711
1043,43
1043,816
1043,563
1043,715
1043,731
1043,769
1043,8
1043,687
1043,728
1043,609
1043,540
1043,529
1043,514
1043,3065
1043,512
1043,1264
1043,209
1043,1803
1043,1239
1043,884
1043,2647
1043,1078
1044,612
1044,682
1045,612
1046,612
1046,43
1046,743
1046,778
1046,79
1046,258
1046,728
1046,18
1047,612
1047,53
1047,709
1047,185
1047,13
1047,622
1047,68
1048,612
1048,711
1048,43
1048,816
1048,850
1048,284
1048,716
1048,542
1048,778
1048,79
1048,355
1048,20
1048,524
1048,597
1048,195
1048,115
1048,221
1048,514
1048,831
1049,612
1050,612
1050,682
1051,612
1051,564
1051,547
1051,816
1051,681
1051,659
1051,557
1051,519
1051,637
1051,616
1051,735
1051,784
1051,675
1051,721
1051,1119
1051,834
1051,1003
1052,612
1052,585
1052,1030
1053,612
1054,612
1054,547
1055,612
1055,816
1055,850
1055,1016
1055,1026
1056,612
1056,715
1056,716
1056,743
1056,778
1056,617
1057,612
1057,3707
1057,3708
1058,612
1059,612
1059,816
1059,1016
1059,117
1059,1010
1060,612
1060,129
1061,612
1061,711
1061,816
1061,706
1061,1356
1061,3767
1062,612
1062,752
1062,1427
1062,523
1063,612
1064,612
1064,585
1065,612
1066,612
1066,682
1066,1042
1067,612
1067,711
1067,850
1067,616
1067,258
1067,39
1067,838
1068,612
1069,612
1069,563
1069,716
1069,778
1069,857
1069,1026
1069,571
1069,706
1069,616
1069,80
1069,709
1069,1034
1069,687
1069,39
1069,728
1069,422
1069,60
1069,1040
1069,831
1069,609
1069,101
1069,1025
1070,612
1070,79
1070,1653
1070,1053
1070,1091
1071,682
1071,1653
1071,257
1071,585
1071,1657
1071,277
1071,308
1071,2278
1071,2279
1071,1073
1071,2280
1071,860
1071,241
1071,2281
1071,1019
1071,268
1071,1641
1071,256
1071,26
1071,802
1071,540
1071,455
1071,987
1073,1019
1073,1653
1073,585
1073,1605
1073,1076
1073,3593
1073,987
1074,563
1074,1026
1074,784
1075,644
1077,735
1079,564
1080,547
1080,856
1081,1026
1081,1248
1083,584
1084,1088
1084,1025
1088,79
1088,1087
1088,1086
1088,1085
1089,79
1089,584
1091,79
1091,277
1091,1007
1091,701
1093,37
1093,535
1093,620
1093,555
1093,537
1093,894
1094,816
1094,1040
1095,688
1095,137
1095,978
1095,937
1098,43
1098,743
1098,778
1098,1016
1098,709
1098,1021
1098,762
1098,831
1098,22
1098,1046
1098,15
1098,549
1098,25
1098,1032
1098,161
1098,181
1099,564
1099,53
1099,70
1099,659
1099,1162
1099,519
1099,11
1099,709
1099,115
1099,83
1099,225
1099,33
1099,589
1100,564
1100,816
1100,563
1100,850
1100,743
1100,778
1101,43
1101,139
1102,1071
1102,1653
1102,585
1102,662
1102,1076
1102,1107
1103,1019
1103,585
1104,276
1104,710
1105,715
1105,1031
1106,21
1106,385
1106,555
1106,373
1106,656
1106,1442
1107,682
1107,1019
1107,277
1107,548
1107,884
1108,711
1109,711
1109,42
1110,711
1110,564
1110,1325
1111,711
1111,564
1112,711
1112,540
1112,757
1113,711
1114,711
1114,547
1114,1159
1115,711
1115,564
1115,816
1115,195
1116,711
1116,547
1116,850
1117,711
1118,711
1118,564
1118,547
1118,70
1118,522
1118,553
1118,133
1118,186
1119,711
1119,284
1119,778
1119,1016
1119,570
1119,20
1119,706
1119,8
1119,1034
1119,39
1119,784
1119,1043
1119,422
1119,1025
1119,3395
1119,1017
1119,439
1120,711
1120,276
1120,876
1120,579
1120,718
1120,129
1120,725
1120,58
1121,711
1121,1159
1122,711
1123,711
1123,547
1123,816
1123,784
1123,1069
1123,717
1123,724
1124,711
1124,816
1124,563
1124,1016
1125,711
1125,1016
1126,711
1126,258
1126,1153
1127,711
1128,711
1129,711
1130,711
1130,70
1131,711
1131,284
1131,276
1131,541
1131,1162
1131,515
1131,570
1131,8
1131,622
1131,540
1131,861
1131,794
1131,1120
1131,1000
1131,450
1131,875
1131,955
1131,1941
1131,1238
1131,133
1131,1228
1132,711
1132,624
1132,1159
1132,514
1132,1230
1133,711
1134,711
1134,816
1134,46
1134,850
1134,45
1134,1485
1134,778
1134,1699
1134,20
1134,582
1134,584
1134,1702
1134,604
1134,1750
1134,804
1134,2689
1134,1751
1134,1759
1134,1797
1134,2690
1134,1715
1134,1525
1134,2691
1134,1200
1134,539
1134,1575
1134,166
1134,1719
1134,1622
1134,583
1134,133
1134,617
1134,1803
1134,261
1134,529
1134,1032
1134,831
1134,701
1135,711
1135,760
1135,757
1136,711
1137,711
1137,1159
1137,1010
1138,711
1138,547
1138,563
1139,711
1140,711
1141,711
1141,547
1141,659
1142,711
1142,850
1142,535
1142,718
1142,540
1143,711
1143,850
1143,2
1144,711
1144,850
1144,540
1144,2028
1144,1132
1145,711
1145,547
1145,644
1145,540
1145,868
1145,459
1145,689
1145,613
1146,711
1146,564
1146,659
1146,812
1147,711
1147,1159
1148,711
1148,46
1148,1818
1149,711
1150,711
1151,711
1151,564
1151,276
1151,244
1151,540
1152,711
1152,564
1152,850
1152,276
1152,718
1153,711
1153,688
1153,579
1153,1679
1153,627
1153,568
1153,163
1153,2887
1153,915
1153,724
1153,592
1153,140
1153,593
1153,937
1153,577
1153,598
1153,986
1153,947
1154,711
1154,1290
1155,711
1155,624
1155,1325
1155,875
1156,711
1156,564
1157,711
1157,1259
1157,2446
1157,3484
1158,711
1158,43
1158,876
1158,557
1158,385
1158,620
1158,1159
1158,970
1158,946
1158,668
1159,688
1159,914
1159,671
1160,1159
1164,616
1165,1159
1167,564
1167,547
1167,1200
1168,624
1168,3762
1168,3776
1168,1253
1169,541
1169,244
1169,1159
1169,540
1169,832
1169,249
1170,688
1170,1159
1170,907
1170,640
1171,564
1171,682
1171,30
1171,515
1171,617
1171,520
1171,622
1171,540
1171,2008
1172,564
1172,43
1172,515
1172,617
1172,520
1172,622
1172,1652
1172,1171
1172,2008
1173,564
1174,564
1174,541
1174,716
1174,857
1174,784
1175,564
1175,659
1176,564
1176,349
1176,706
1176,1153
1176,540
1177,564
1178,564
1178,135
1178,46
1178,70
1178,45
1178,535
1178,528
1178,1699
1178,521
1178,627
1178,20
1178,604
1178,55
1178,1745
1178,1698
1178,1709
1178,539
1178,513
1178,1792
1178,584
1178,582
1178,590
1178,1965
1179,564
1179,547
1179,624
1179,731
1179,262
1179,264
1179,619
1180,564
1180,659
1180,540
1180,760
1181,564
1182,564
1183,564
1184,564
1184,857
1184,79
1184,1026
1184,1034
1184,687
1184,549
1184,3315
1184,1025
1184,714
1184,776
1185,564
1185,563
1185,778
1185,769
1185,8
1185,784
1185,609
1185,710
1185,721
1185,1854
1185,1522
1186,564
1186,563
1186,716
1186,1026
1186,1009
1186,811
1186,776
1187,564
1187,547
1187,850
1187,752
1187,856
1187,533
1187,115
1187,140
1187,236
1187,105
1187,714
1188,564
1188,562
1188,850
1188,731
1188,1162
1188,542
1188,528
1188,627
1188,574
1188,540
1188,869
1188,958
1188,1184
1188,450
1188,589
1188,634
1189,564
1189,43
1189,1162
1189,529
1189,587
1189,1043
1189,1471
1189,3044
1190,564
1190,8
1190,540
1190,757
1191,564
1192,564
1192,1026
1192,373
1192,305
1192,617
1192,540
1192,839
1193,564
1193,709
1193,552
1194,564
1195,564
1195,53
1195,70
1195,624
1195,276
1195,1162
1195,519
1195,521
1195,615
1195,689
1195,589
1196,564
1196,135
1196,528
1197,564
1197,129
1198,564
1198,1230
1199,564
1199,1232
1200,564
1200,784
1200,812
1201,564
1201,2653
1202,564
1203,564
1204,564
1204,53
1204,816
1204,284
1204,557
1204,38
1204,1069
1204,1294
1204,123
1204,556
1204,650
1204,342
1204,744
1204,611
1204,963
1204,2261
1204,2260
1205,564
1205,715
1205,355
1205,616
1205,537
1205,861
1205,1061
1206,564
1206,43
1206,139
1206,850
1206,876
1206,521
1206,625
1206,11
1206,784
1206,635
1206,48
1206,989
1206,378
1206,1185
1206,824
1206,1023
1206,510
1207,564
1207,547
1207,562
1207,1259
1207,3392
1208,564
1208,850
1209,564
1209,591
1209,858
1209,3681
1210,564
1210,1253
1211,564
1211,195
1212,564
1212,277
1213,564
1213,276
1213,769
1213,8
1213,540
1213,862
1214,564
1214,303
1214,154
1215,564
1215,541
1215,515
1215,540
1215,872
1216,564
1216,11
1217,564
1217,1238
1218,564
1218,284
1218,880
1218,2570
1219,564
1219,856
1220,564
1221,564
1221,547
1221,816
1221,46
1221,1162
1221,528
1221,571
1221,244
1221,540
1221,1131
1222,564
1222,682
1222,876
1222,1679
1222,136
1222,13
1222,540
1222,589
1222,6
1222,776
1223,564
1223,816
1224,564
1224,610
1224,921
1224,120
1225,564
1226,564
1226,1325
1226,834
1226,2094
1227,564
1227,547
1227,519
1227,244
1227,540
1228,564
1228,547
1228,659
1228,624
1228,644
1228,856
1228,305
1228,574
1228,587
1228,953
1228,1658
1229,564
1229,816
1229,644
1230,564
1230,547
1230,70
1230,659
1230,519
1230,355
1230,8
1230,1034
1230,839
1231,564
1231,627
1232,564
1232,731
1232,2820
1233,564
1233,53
1233,659
1233,284
1233,276
1233,541
1233,1162
1233,610
1233,857
1233,244
1233,574
1233,120
1234,564
1234,540
1235,564
1235,305
1236,564
1237,564
1237,13
1238,564
1238,547
1238,135
1238,682
1238,681
1238,37
1238,139
1238,624
1238,715
1238,1162
1238,528
1238,519
1238,515
1238,627
1238,1178
1238,709
1238,553
1238,1021
1238,591
1238,617
1238,520
1238,622
1238,540
1238,1222
1238,134
1238,348
1238,346
1238,689
1238,1171
1238,1172
1239,564
1239,625
1239,305
1239,13
1239,587
1239,264
1239,1226
1239,3587
1240,564
1240,135
1240,139
1240,535
1240,1162
1240,546
1240,1023
1240,1238
1240,133
1241,564
1242,564
1243,564
1243,43
1243,625
1243,1178
1243,529
1243,590
1243,1238
1243,588
1243,1535
1244,564
1244,528
1244,625
1245,564
1245,681
1246,564
1246,681
1246,562
1247,564
1247,715
1247,8
1248,564
1248,816
1248,563
1248,850
1248,1026
1248,784
1248,1069
1248,238
1248,1037
1249,564
1249,715
1249,857
1249,8
1249,540
1249,675
1249,680
1249,1439
1249,1252
1249,1251
1249,1239
1249,1250
1249,884
1250,564
1250,857
1250,8
1250,540
1250,675
1250,680
1250,1439
1250,1252
1250,1251
1250,1239
1250,884
1251,564
1251,857
1251,540
1251,675
1251,680
1251,1439
1251,1239
1252,564
1252,715
1252,857
1252,8
1252,540
1252,675
1252,680
1252,1439
1252,1251
1252,1239
1252,884
1252,133
1253,564
1253,617
1253,675
1253,2347
1253,855
1260,305
1260,123
1261,624
1261,2758
1263,69
1263,2294
1263,1238
1264,876
1264,20
1264,271
1264,1248
1264,1120
1264,1079
1264,1362
1264,701
1265,586
1265,805
1266,805
1268,1071
1268,689
1270,876
1270,610
1270,264
1270,2237
1270,1272
1270,1269
1270,1271
1271,1269
1272,1271
1272,1269
1274,1270
1274,1273
1275,1274
1275,1273
1275,1270
1276,547
1276,543
1276,914
1276,597
1276,560
1276,2246
1277,547
1277,769
1277,880
1277,2296
1277,1268
1278,547
1278,29
1279,547
1279,850
1279,8
1280,547
1280,195
1280,258
1281,547
1281,30
1281,725
1281,1010
1281,3128
1282,547
1283,547
1283,53
1283,43
1283,682
1283,139
1283,624
1283,276
1283,876
1283,610
1283,542
1283,519
1283,617
1283,540
1283,589
1283,776
1283,1243
1284,547
1284,43
1284,562
1284,715
1284,276
1284,716
1284,1016
1284,769
1284,616
1284,839
1284,1043
1285,547
1286,547
1287,547
1288,547
1289,547
1289,70
1289,72
1289,869
1289,548
1289,847
1289,2045
1289,1106
1289,1047
1290,547
1290,541
1290,774
1290,231
1291,547
1292,547
1293,547
1293,43
1293,659
1293,284
1293,1018
1293,2312
1293,2186
1293,2197
1293,2219
1293,754
1293,1156
1293,905
1293,1249
1293,1250
1293,1251
1293,1252
1293,884
1293,1268
1294,547
1294,53
1294,659
1294,562
1294,284
1294,731
1294,557
1294,617
1294,1192
1294,119
1294,978
1295,547
1295,139
1295,989
1295,131
1296,547
1296,816
1296,659
1296,715
1296,528
1296,571
1296,115
1296,129
1296,552
1296,584
1296,1031
1296,1222
1296,1953
1296,133
1296,814
1296,622
1296,587
1296,750
1296,884
1296,1239
1297,547
1298,547
1298,688
1298,284
1298,1016
1299,547
1299,43
1299,610
1299,565
1299,321
1299,1228
1300,547
1300,243
1301,547
1301,624
1301,876
1302,547
1302,1162
1302,597
1302,540
1302,839
1302,514
1303,547
1303,659
1303,1162
1303,572
1304,547
1304,659
1304,528
1304,1230
1304,1238
1305,547
1306,547
1306,133
1307,547
1307,135
1307,70
1307,139
1307,624
1307,715
1307,45
1307,579
1307,519
1307,355
1307,524
1307,709
1307,540
1307,1854
1307,996
1307,2680
1307,1890
1310,184
1311,43
1311,816
1311,563
1311,715
1311,716
1311,535
1311,752
1311,709
1311,195
1311,117
1311,185
1311,409
1311,1280
1311,422
1311,744
1311,950
1311,724
1311,1868
1311,1077
1311,770
1311,89
1311,161
1311,189
1311,140
1311,1067
1311,259
1311,421
1311,1203
1311,181
1312,731
1313,816
1313,284
1313,716
1313,743
1313,1311
1314,563
1314,1026
1314,20
1314,586
1314,1046
1314,1204
1314,798
1314,419
1315,53
1315,659
1315,579
1315,597
1315,894
1315,58
1315,282
1315,225
1315,678
1315,3077
1316,1789
1317,659
1317,731
1317,610
1317,540
1317,956
1317,1238
1317,1240
1317,120
1318,850
1318,257
1318,627
1318,625
1318,1021
1318,129
1318,531
1318,1238
1318,1156
1319,135
1319,950
1319,523
1319,595
1319,480
1319,959
1320,43
1320,624
1320,876
1320,1679
1320,519
1320,597
1320,452
1321,53
1321,624
1321,610
1321,20
1321,13
1321,540
1321,44
1322,1071
1322,1019
1322,257
1322,109
1322,585
1322,1102
1322,1058
1322,1041
1323,284
1323,535
1323,774
1323,762
1324,682
1324,1653
1324,1030
1324,802
1324,1299
1324,2425
1324,714
1325,553
1325,316
1326,718
1326,856
1326,74
1326,767
1327,43
1327,70
1327,659
1327,284
1327,45
1327,1162
1327,857
1327,269
1327,627
1327,571
1327,706
1327,553
1327,1131
1327,360
1327,1325
1327,619
1327,261
1327,875
1327,955
1327,960
1327,1434
1327,133
1327,884
1328,46
1328,45
1328,627
1328,42
1328,119
1354,43
1354,1034
1354,861
1354,1265
1355,70
1358,43
1358,1162
1358,51
1358,174
1358,271
1358,356
1358,3432
1358,1606
1359,53
1359,659
1359,557
1359,637
1359,269
1359,533
1359,823
1359,767
1359,680
1359,829
1359,1646
1359,2063
1359,932
1359,933
1359,650
1359,389
1359,595
1359,2458
1359,1831
1359,2815
1359,1493
1359,646
1359,592
1359,884
1360,43
1360,70
1360,659
1360,624
1360,349
1360,542
1360,136
1360,385
1360,620
1360,283
1360,115
1360,597
1360,83
1360,1233
1360,373
1360,50
1360,67
1360,533
1360,822
1360,921
1360,1320
1360,1283
1360,13
1360,282
1360,291
1360,589
1360,626
1360,796
1360,337
1360,174
1360,369
1360,378
1362,43
1362,617
1362,381
1362,1442
1364,816
1364,715
1364,515
1364,1481
1364,752
1364,616
1364,192
1364,1055
1364,878
1364,106
1364,824
1364,1042
1364,1291
1364,798
1364,62
1365,282
1366,643
1368,135
1368,620
1368,129
1368,590
1368,14
1369,3341
1373,1371
1373,1372
1385,1046
1385,569
1386,570
1386,20
1386,231
1387,135
1387,681
1387,70
1387,30
1387,522
1387,644
1387,1806
1387,568
1387,2865
1387,663
1387,2957
1387,2958
1387,1922
1387,133
1388,135
1388,43
1388,30
1388,850
1388,522
1388,1806
1388,553
1388,1387
1388,663
1388,360
1388,2902
1388,1659
1389,135
1389,535
1389,691
1390,135
1390,540
1391,135
1392,135
1392,139
1392,1238
1393,135
1394,135
1394,355
1394,133
1394,366
1395,135
1395,681
1395,45
1395,622
1395,950
1395,133
1395,2115
1395,1135
1396,135
1396,45
1397,135
1397,681
1397,610
1398,135
1398,53
1398,816
1398,70
1398,715
1398,349
1398,136
1398,8
1398,735
1398,221
1398,869
1398,1187
1398,868
1398,248
1398,1047
1398,1303
1399,135
1399,715
1399,675
1399,14
1399,35
1400,135
1400,136
1400,524
1400,381
1400,133
1401,135
1401,681
1402,135
1402,521
1402,2320
1402,589
1403,135
1403,555
1403,540
1404,135
1404,876
1405,135
1405,625
1405,540
1406,135
1406,659
1406,624
1406,625
1406,635
1406,115
1406,622
1406,14
1406,1307
1406,1224
1406,476
1406,1317
1406,884
1407,135
1408,135
1408,43
1408,681
1408,562
1408,535
1408,269
1408,524
1408,3202
1408,946
1408,324
1408,133
1408,1562
1409,135
1409,528
1409,1319
1409,1355
1410,135
1410,45
1411,135
1411,133
1412,135
1412,43
1412,715
1412,528
1412,521
1412,131
1412,320
1412,3307
1412,3308
1412,1196
1412,334
1412,133
1412,1689
1413,135
1414,135
1415,135
1415,876
1415,355
1416,135
1416,1307
1417,135
1417,637
1417,136
1417,752
1417,1021
1417,1153
1417,174
1417,189
1417,1158
1417,243
1418,135
1418,987
1419,135
1419,70
1419,1188
1419,1158
1420,135
1420,1415
1421,135
1422,135
1422,715
1422,557
1422,579
1422,355
1422,136
1422,620
1422,11
1422,373
1422,381
1422,665
1422,1093
1422,1294
1422,2819
1422,1240
1422,948
1422,633
1422,1398
1422,131
1422,383
1422,686
1423,135
1423,46
1423,876
1423,45
1423,1805
1423,522
1423,1699
1423,544
1423,20
1423,80
1423,568
1423,1134
1423,50
1423,55
1423,617
1423,513
1423,1512
1423,1720
1423,82
1423,1876
1423,1748
1423,1702
1423,586
1423,583
1423,887
1423,1733
1423,539
1423,1430
1423,261
1423,1032
1423,1723
1423,2596
1423,3551
1423,1809
1423,3552
1423,98
1423,1794
1423,701
1423,1133
1423,69
1424,135
1424,46
1424,139
1424,1387
1424,261
1424,1659
1424,133
1425,135
1425,533
1427,681
1427,522
1427,1034
1427,1387
1427,476
1428,535
1428,579
1428,538
1428,534
1428,698
1428,894
1428,1315
1428,674
1428,699
1428,1843
1430,681
1430,543
1430,1388
1430,527
1430,476
1430,3336
1430,1418
1431,557
1432,37
1432,72
1432,1437
1434,676
1434,630
1436,920
1437,533
1437,822
1437,556
1438,555
1439,53
1439,244
1439,617
1439,262
1439,799
1439,254
1439,884
1442,53
1442,579
1442,538
1442,38
1442,1360
1442,11
1442,373
1442,1359
1442,558
1442,1559
1442,556
1442,2045
1442,650
1442,507
1442,532
1442,961
1442,1158
1442,1430
1442,886
1442,283
1442,57
1442,685
1442,1141
1442,339
1442,924
1443,53
1443,538
1443,117
1443,1296
1443,675
1443,887
1443,23
1444,53
1444,43
1444,688
1444,624
1444,715
1444,1162
1444,349
1444,718
1444,597
1444,1326
1444,1443
1444,892
1444,1508
1444,391
1445,53
1445,43
1445,615
1446,53
1446,284
1446,731
1446,743
1446,538
1446,515
1446,269
1446,524
1446,709
1446,753
1446,824
1446,126
1446,560
1446,2458
1446,647
1446,389
1446,831
1446,924
1446,2683
1446,1253
1446,1442
1447,53
1447,816
1447,725
1448,53
1448,543
1448,355
1448,929
1449,53
1449,284
1450,53
1450,715
1451,53
1451,541
1452,53
1452,579
1452,572
1453,53
1453,850
1453,178
1454,53
1454,297
1455,53
1455,269
1455,706
1455,1222
1455,1321
1456,53
1456,876
1456,675
1456,1358
1457,53
1458,53
1458,555
1458,1419
1459,53
1459,43
1459,681
1459,876
1459,521
1459,625
1459,989
1459,615
1459,133
1460,53
1460,752
1460,8
1460,709
1460,784
1460,732
1460,192
1460,824
1460,1012
1460,2014
1460,737
1460,928
1461,53
1462,53
1462,43
1463,53
1464,53
1464,1422
1464,262
1465,53
1465,816
1465,563
1465,624
1465,1153
1466,53
1467,53
1468,53
1468,682
1468,276
1468,1071
1468,244
1468,1653
1468,439
1469,53
1469,681
1469,715
1469,876
1469,1360
1469,615
1470,53
1470,269
1470,732
1471,53
1471,562
1471,715
1471,1162
1471,571
1471,8
1471,597
1471,617
1471,1204
1472,53
1473,53
1473,528
1473,626
1473,1233
1473,875
1474,53
1474,524
1475,53
1475,305
1475,13
1475,540
1476,53
1476,43
1476,305
1476,590
1476,3045
1476,3453
1477,53
1477,43
1477,70
1477,540
1477,356
1477,776
1477,589
1477,1243
1477,1535
1478,53
1478,541
1478,117
1478,589
1479,53
1479,518
1480,53
1480,636
1481,53
1481,43
1481,715
1481,876
1481,1679
1481,519
1481,269
1481,1178
1481,762
1481,307
1481,1038
1481,1234
1481,1283
1481,126
1481,1555
1481,134
1481,1325
1481,298
1481,121
1481,1222
1481,1197
1481,524
1481,13
1481,373
1481,271
1481,304
1481,283
1481,1320
1481,847
1481,2486
1481,676
1481,626
1481,474
1481,987
1481,115
1481,305
1481,83
1481,627
1481,14
1481,2487
1481,1195
1481,477
1481,129
1481,589
1482,53
1482,8
1483,53
1484,53
1484,538
1485,53
1485,46
1485,70
1485,659
1485,876
1485,45
1485,557
1485,349
1485,888
1485,381
1485,373
1485,48
1485,521
1485,961
1485,1484
1485,591
1485,1459
1485,620
1485,11
1485,1158
1485,355
1485,133
1485,359
1485,2294
1485,136
1485,1446
1485,650
1485,84
1485,635
1485,929
1485,898
1485,639
1485,560
1485,2295
1485,970
1485,942
1485,629
1485,884
1486,53
1486,543
1486,51
1486,527
1486,434
1486,993
1487,53
1487,538
1487,597
1487,1359
1487,594
1487,907
1487,1442
1487,89
1488,53
1489,53
1490,53
1491,53
1491,688
1491,579
1491,538
1491,136
1491,1153
1491,558
1491,989
1491,559
1491,2561
1491,1867
1491,650
1491,359
1491,940
1491,807
1491,3083
1492,53
1493,53
1493,538
1494,53
1495,53
1495,560
1495,558
1495,940
1495,1442
1495,821
1496,53
1496,931
1497,53
1498,53
1498,579
1498,136
1499,53
1500,53
1500,579
1500,885
1502,265
1504,46
1504,625
1504,571
1504,692
1504,530
1504,2649
1505,43
1505,683
1505,140
1505,885
1505,650
1505,207
1505,2342
1505,1487
1505,884
1507,43
1507,276
1507,876
1507,1071
1507,1508
1508,43
1508,622
1508,540
1508,572
1508,282
1508,1540
1509,43
1509,1442
1510,43
1510,563
1510,716
1510,778
1510,571
1510,709
1510,39
1510,770
1510,609
1510,710
1510,84
1510,2428
1510,808
1510,1067
1510,807
1511,43
1511,744
1512,43
1512,1481
1512,570
1512,625
1512,1145
1513,43
1513,636
1513,589
1513,588
1514,43
1514,70
1514,624
1514,305
1514,574
1514,540
1514,1233
1515,43
1515,528
1516,43
1516,70
1516,715
1516,2127
1516,134
1516,630
1517,43
1517,79
1517,728
1517,2567
1517,793
1517,165
1517,1090
1518,43
1519,43
1519,178
1520,43
1520,79
1520,1311
1520,732
1520,814
1520,776
1521,43
1521,563
1521,716
1521,422
1521,22
1521,1098
1522,43
1522,562
1522,715
1522,1016
1522,570
1522,1315
1522,1009
1522,526
1522,720
1522,95
1523,43
1523,687
1524,43
1524,1247
1525,43
1525,46
1525,627
1525,8
1525,1290
1526,43
1526,244
1526,2758
1527,43
1527,688
1527,1162
1528,43
1528,1019
1528,2423
1528,1030
1528,3245
1528,261
1529,43
1530,43
1530,1238
1531,43
1531,709
1532,43
1532,682
1532,627
1533,43
1534,43
1534,876
1534,1162
1534,519
1534,1360
1534,115
1534,13
1534,587
1534,614
1535,43
1535,624
1536,43
1536,46
1536,562
1536,624
1536,519
1536,1359
1536,1222
1536,303
1536,1808
1536,589
1537,43
1537,519
1538,43
1538,30
1538,557
1538,528
1538,519
1539,43
1539,1320
1539,589
1540,43
1541,43
1542,43
1542,519
1542,269
1542,1178
1542,83
1542,3456
1543,43
1543,83
1544,43
1544,139
1544,876
1544,535
1544,894
1545,43
1545,30
1545,535
1545,635
1546,43
1546,1485
1546,3029
1547,43
1547,555
1547,1442
1548,43
1548,1485
1548,555
1548,961
1550,258
1550,1098
1551,79
1551,195
1554,519
1557,735
1557,784
1558,70
1558,557
1558,1485
1558,888
1558,591
1558,558
1558,1458
1558,1442
1558,1438
1558,2832
1558,1400
1559,876
1559,579
1559,650
1559,3002
1559,970
1559,1509
1559,356
1559,2518
1559,389
1559,640
1559,636
1559,3003
1559,1170
1560,876
1560,625
1561,528
1561,589
1562,528
1562,1481
1562,2458
1564,816
1564,682
1564,46
1564,1738
1564,1134
1564,1712
1564,3468
1564,1789
1564,1719
1565,816
1565,770
1565,238
1565,1037
1566,816
1566,610
1566,79
1566,1069
1566,1364
1566,586
1566,751
1567,816
1567,811
1567,1020
1568,816
1568,276
1568,257
1568,752
1568,824
1568,814
1568,1357
1568,1665
1569,816
1569,238
1569,84
1570,816
1570,682
1570,1359
1570,61
1570,2057
1571,816
1572,816
1573,816
1573,284
1573,735
1573,609
1573,549
1573,1266
1574,816
1574,46
1574,659
1574,45
1574,72
1574,239
1574,264
1574,1315
1574,282
1574,805
1575,816
1575,46
1575,876
1575,1699
1575,1026
1575,616
1575,80
1575,604
1575,784
1575,513
1575,609
1575,1043
1575,1284
1575,1803
1575,3278
1575,1423
1575,1510
1576,816
1576,1061
1576,1205
1577,816
1577,46
1577,45
1578,816
1578,563
1578,1046
1579,816
1579,716
1579,20
1579,185
1579,770
1579,586
1579,1043
1579,189
1579,798
1579,1185
1579,613
1579,1314
1579,91
1579,105
1580,816
1581,816
1581,80
1581,540
1582,816
1583,816
1583,743
1583,349
1583,258
1583,39
1583,221
1583,762
1583,81
1584,816
1585,816
1585,716
1586,816
1587,816
1587,850
1587,769
1587,775
1588,816
1589,682
1590,682
1590,2147
1591,682
1591,1019
1591,1057
1592,682
1592,3037
1593,682
1594,682
1594,1162
1594,1019
1594,277
1595,682
1596,682
1596,257
1597,682
1598,682
1599,682
1599,1019
1599,1030
1600,682
1601,682
1602,682
1603,682
1603,1071
1604,682
1604,1071
1605,682
1605,1071
1605,1102
1606,682
1606,1222
1606,619
1606,589
1606,3780
1606,1263
1607,682
1607,1019
1607,277
1608,682
1609,682
1609,1071
1610,682
1610,1030
1611,682
1611,46
1611,45
1611,627
1611,625
1611,80
1611,1178
1611,1818
1611,1134
1611,604
1611,513
1611,540
1611,583
1611,3159
1611,3160
1611,3161
1611,1713
1611,539
1611,1698
1611,1423
1612,682
1612,1071
1612,257
1613,682
1614,682
1614,305
1614,250
1615,682
1615,997
1616,682
1616,1019
1617,682
1618,682
1619,682
1619,1019
1619,257
1620,682
1620,1071
1620,1653
1621,682
1621,1019
1621,257
1622,682
1622,46
1622,562
1622,21
1622,1699
1622,568
1622,550
1622,1914
1623,682
1624,682
1624,257
1624,1042
1624,1616
1625,682
1626,682
1626,1071
1626,257
1627,682
1627,1071
1627,1653
1628,682
1629,682
1630,682
1630,7
1631,682
1632,682
1633,682
1634,682
1635,682
1636,682
1637,682
1638,682
1638,1071
1638,1653
1638,1042
1639,682
1640,682
1641,682
1641,1468
1641,1620
1642,682
1643,682
1643,1019
1644,682
1644,1071
1644,257
1644,1653
1644,277
1645,682
1645,1071
1646,682
1647,682
1647,3648
1648,682
1649,682
1650,682
1651,682
1652,682
1652,617
1652,622
1652,1238
1652,1171
1653,2773
1654,568
1657,1592
1658,8
1658,1222
1658,1239
1659,557
1660,1481
1662,277
1663,1071
1664,70
1664,121
1667,1594
1668,681
1668,688
1668,610
1668,644
1668,2570
1668,587
1668,1307
1668,360
1668,550
1668,261
1668,1531
1669,681
1669,129
1670,681
1670,72
1670,269
1671,681
1671,1412
1672,681
1672,562
1672,528
1672,637
1672,269
1672,615
1672,589
1672,133
1672,480
1673,681
1673,624
1673,715
1673,1162
1673,349
1673,553
1673,1408
1673,1240
1673,614
1673,1299
1674,681
1674,276
1674,887
1674,1406
1674,1240
1674,1032
1674,1659
1675,681
1675,269
1676,681
1676,1387
1677,681
1677,2570
1677,133
1678,681
1679,681
1679,37
1679,562
1679,45
1679,856
1679,1487
1679,38
1679,373
1679,593
1679,2318
1679,115
1679,133
1679,538
1679,1491
1679,1537
1679,2319
1679,1560
1679,519
1679,676
1679,2320
1679,354
1679,1430
1679,946
1680,681
1681,681
1682,681
1682,305
1683,681
1683,70
1683,37
1683,1485
1683,555
1683,507
1683,1158
1683,510
1684,681
1684,540
1685,681
1685,1446
1685,3567
1686,681
1686,1319
1686,1670
1687,681
1688,681
1688,37
1688,11
1688,7
1688,287
1688,360
1688,1402
1688,3584
1689,681
1690,681
1690,1481
1690,320
1690,1419
1690,133
1691,681
1692,681
1692,624
1697,46
1697,45
1697,571
1697,1738
1697,1134
1697,604
1697,617
1697,545
1697,675
1697,698
1697,1748
1697,1745
1697,1575
1697,1803
1698,46
1699,46
1699,45
1699,515
1699,583
1699,55
1699,1697
1699,548
1699,1791
1699,82
1699,627
1699,2434
1699,2435
1699,1767
1699,1611
1699,2436
1699,804
1699,582
1699,2437
1699,2438
1699,2439
1699,2440
1699,140
1699,20
1699,604
1699,752
1699,842
1699,1927
1699,1574
1699,574
1699,2441
1699,1387
1699,1133
1700,46
1700,610
1700,79
1700,1699
1700,571
1700,8
1700,1818
1700,1134
1700,604
1700,1770
1700,3108
1700,584
1700,1745
1700,68
1701,46
1701,563
1701,45
1701,1699
1701,604
1701,1178
1701,1697
1701,1746
1701,20
1701,584
1701,55
1701,1134
1701,2590
1701,2591
1701,1700
1701,1728
1701,513
1701,1709
1701,1698
1701,2592
1701,2593
1701,2594
1701,2440
1701,2595
1701,1795
1701,674
1701,617
1701,2596
1701,1804
1701,1803
1701,1784
1701,701
1702,46
1702,45
1702,1699
1702,1701
1702,1178
1702,604
1702,55
1702,1709
1702,583
1703,46
1703,1019
1703,1699
1703,1178
1703,1653
1703,1761
1703,584
1704,46
1704,1738
1704,80
1704,55
1704,1705
1704,2439
1704,584
1704,1766
1705,46
1705,45
1705,1699
1705,571
1705,1701
1705,20
1705,1178
1705,1134
1705,604
1705,55
1705,513
1705,1512
1705,1762
1705,1702
1705,583
1705,1722
1705,1723
1705,804
1705,1712
1705,582
1705,1709
1705,2719
1705,1698
1705,1423
1705,701
1706,46
1707,46
1707,1699
1707,1701
1707,1134
1707,604
1707,1705
1707,1745
1707,3516
1708,46
1708,1699
1708,1701
1708,1738
1708,1178
1708,1134
1708,1611
1708,582
1708,1745
1708,1712
1708,1770
1708,1760
1708,1715
1708,2689
1708,1777
1709,46
1710,46
1710,1134
1710,1564
1710,2629
1711,46
1711,45
1712,46
1712,1699
1712,1701
1712,1134
1712,1720
1712,1702
1712,1611
1712,582
1712,887
1712,767
1712,1800
1712,584
1712,1715
1712,2140
1712,1803
1713,46
1713,1699
1714,46
1714,45
1714,1699
1714,582
1715,46
1716,46
1716,582
1716,1704
1717,46
1718,46
1718,1134
1718,1748
1718,582
1719,46
1719,80
1720,46
1720,1718
1720,582
1720,2991
1720,584
1721,46
1721,1134
1721,1720
1721,1718
1721,582
1721,1712
1721,1709
1722,46
1722,80
1722,1755
1722,1704
1723,46
1723,45
1723,1701
1723,1738
1723,80
1723,1134
1723,604
1723,583
1723,3555
1724,46
1724,45
1724,1178
1724,1134
1724,513
1724,1702
1724,583
1724,582
1724,539
1725,46
1725,45
1726,46
1726,541
1726,45
1726,1387
1726,1659
1726,133
1726,677
1726,1189
1727,46
1727,1700
1728,46
1728,80
1728,1178
1728,1134
1728,604
1728,1705
1728,1611
1728,582
1728,1745
1728,674
1728,1722
1728,1707
1728,1727
1728,584
1728,1754
1729,46
1729,1701
1729,604
1730,46
1730,584
1731,46
1731,1719
1732,46
1732,80
1732,1698
1732,3713
1732,3714
1733,46
1733,562
1733,174
1733,1720
1733,1721
1733,1800
1733,1718
1733,3274
1733,815
1734,46
1734,1699
1734,1701
1734,20
1734,1134
1734,55
1734,1705
1734,1423
1735,46
1735,45
1735,571
1735,1701
1735,80
1735,1134
1735,604
1735,583
1735,584
1735,2655
1736,46
1736,1701
1736,604
1736,545
1736,1702
1736,584
1737,46
1738,46
1738,45
1738,1699
1738,1701
1738,1702
1738,1707
1738,1745
1738,584
1738,1712
1738,1709
1738,80
1738,1575
1738,1178
1738,539
1738,55
1738,1724
1738,1795
1738,1698
1738,582
1738,1611
1738,1705
1738,1134
1738,513
1738,604
1739,46
1739,1133
1740,46
1740,579
1740,534
1740,96
1740,137
1740,527
1740,699
1740,1002
1740,265
1740,1859
1741,46
1741,70
1741,133
1741,1438
1742,46
1742,385
1742,620
1742,914
1742,140
1742,1461
1742,1442
1743,46
1743,372
1743,377
1743,1560
1743,367
1743,1548
1743,1690
1744,46
1744,1701
1744,1134
1744,604
1744,1720
1744,1748
1744,582
1744,1698
1744,1767
1744,1728
1744,1708
1744,584
1744,1697
1745,571
1745,1701
1745,604
1745,617
1745,262
1745,1768
1745,1770
1745,1747
1745,1744
1746,617
1747,604
1747,1704
1747,1707
1747,1746
1747,584
1748,55
1748,1720
1748,1721
1748,1611
1748,582
1748,1704
1748,1712
1749,1178
1753,82
1765,539
1765,178
1765,1747
1767,584
1776,1708
1783,82
1784,45
1787,513
1787,584
1792,80
1792,513
1792,608
1794,133
1799,1702
1799,1700
1799,1726
1799,2690
1800,1720
1800,1721
1800,1748
1800,1718
1803,857
1803,687
1803,683
1803,617
1803,545
1803,1248
1803,15
1805,70
1805,715
1805,529
1805,2355
1805,2014
1805,2356
1805,622
1805,2357
1805,1018
1805,2358
1805,1296
1805,1328
1805,75
1805,556
1806,72
1806,528
1806,1805
1806,522
1806,287
1806,692
1806,838
1806,1093
1806,2405
1806,102
1806,583
1806,1713
1806,1188
1806,875
1806,278
1806,282
1806,261
1806,1726
1806,2570
1806,1251
1806,1252
1806,884
1807,1360
1807,970
1807,1495
1807,968
1807,1442
1808,139
1808,11
1808,1034
1808,869
1808,884
1810,688
1811,688
1811,541
1811,560
1812,688
1812,51
1812,1679
1812,593
1812,1315
1812,3334
1812,973
1812,2292
1812,2293
1813,688
1813,579
1814,688
1814,579
1814,644
1814,597
1814,943
1814,947
1814,985
1815,688
1816,688
1816,644
1816,1153
1816,663
1816,977
1817,688
1817,543
1818,688
1818,349
1818,51
1818,1679
1818,521
1818,925
1818,899
1818,692
1818,950
1818,1811
1818,1495
1818,1417
1818,1122
1818,388
1818,988
1819,688
1820,688
1821,688
1822,688
1823,688
1824,688
1824,1120
1825,688
1826,688
1826,70
1827,688
1828,688
1829,688
1830,688
1830,624
1830,1231
1831,688
1831,620
1831,555
1831,1153
1831,578
1832,688
1833,688
1834,688
1834,579
1834,1485
1834,637
1834,1444
1834,933
1835,688
1835,543
1835,579
1835,644
1835,636
1835,1812
1835,977
1836,688
1836,942
1837,688
1837,543
1837,244
1837,1294
1837,1814
1837,1570
1838,688
1839,688
1839,579
1839,644
1839,914
1839,683
1839,3316
1840,688
1840,686
1841,688
1841,997
1842,688
1842,527
1842,3631
1843,688
1844,522
1844,1033
1844,514
1844,1387
1844,1224
1844,133
1844,884
1847,715
1847,1422
1847,558
1848,1679
1848,11
1848,597
1848,1359
1848,591
1848,929
1848,592
1848,153
1848,678
1848,1856
1848,1442
1848,3303
1848,1464
1848,937
1849,543
1849,888
1849,698
1849,601
1850,70
1850,521
1851,70
1851,1099
1852,70
1853,70
1854,70
1854,30
1854,715
1854,45
1854,136
1854,555
1854,982
1854,1398
1854,686
1854,1491
1854,3050
1855,70
1855,589
1855,1399
1856,70
1856,929
1856,507
1856,1505
1857,70
1857,620
1857,568
1857,597
1857,50
1857,591
1857,1153
1857,593
1857,572
1857,982
1858,70
1858,1359
1858,594
1859,70
1860,70
1860,37
1860,72
1861,70
1861,1026
1862,70
1862,72
1862,590
1863,70
1863,528
1864,70
1864,276
1864,842
1865,70
1866,70
1866,557
1867,70
1867,3720
1868,70
1868,659
1868,555
1868,1487
1869,70
1869,1485
1869,637
1869,620
1869,11
1869,373
1869,592
1869,1106
1869,1319
1871,37
1871,109
1871,1216
1871,41
1871,2710
1871,737
1872,37
1872,38
1872,1871
1873,37
1873,68
1874,37
1874,145
1875,37
1876,37
1876,109
1876,1216
1876,360
1876,1504
1876,261
1877,37
1877,1326
1877,13
1877,552
1877,281
1877,1504
1878,37
1879,37
1879,850
1879,876
1879,555
1879,987
1880,37
1880,305
1881,37
1882,37
1883,37
1883,560
1883,1106
1883,1093
1883,1685
1883,3501
1884,37
1884,1422
1884,3451
1885,37
1885,79
1886,37
1886,422
1886,254
1887,37
1887,622
1887,33
1887,278
1887,1451
1888,37
1889,37
1890,37
1890,876
1890,1485
1890,921
1890,1544
1890,1442
1891,37
1891,38
1891,507
1891,631
1892,37
1892,555
1893,37
1893,637
1893,1106
1894,37
1895,37
1895,30
1895,557
1895,1869
1895,3502
1896,37
1896,555
1897,37
1898,37
1898,45
1898,72
1898,109
1898,1876
1898,1327
1898,281
1898,1032
1899,37
1900,37
1901,37
1901,38
1901,96
1902,37
1903,37
1903,11
1904,37
1904,131
1904,375
1905,37
1905,38
1906,37
1907,3178
1909,563
1909,716
1909,258
1909,1043
1909,1248
1909,1230
1909,1712
1909,3065
1909,1336
1909,884
1909,853
1909,1335
1909,1342
1909,1343
1909,1344
1909,1345
1909,1346
1909,1347
1909,1348
1909,1349
1909,1350
1909,1351
1910,563
1911,563
1911,8
1911,1069
1911,609
1912,563
1912,1184
1912,102
1912,1007
1913,563
1913,876
1913,1204
1914,563
1914,842
1914,550
1914,1909
1915,563
1915,1521
1915,1125
1916,563
1916,189
1917,563
1919,624
1919,1071
1919,778
1919,570
1919,8
1919,244
1919,617
1919,540
1919,548
1919,1658
1919,3224
1919,1268
1919,1527
1919,316
1919,872
1919,268
1919,1590
1920,30
1921,30
1921,555
1921,1491
1921,1458
1921,1883
1922,30
1923,30
1923,632
1924,30
1924,349
1924,1419
1925,139
1926,659
1926,521
1926,1481
1926,359
1926,1099
1927,659
1927,541
1927,72
1927,97
1927,1491
1927,1919
1928,659
1929,659
1929,1939
1929,385
1929,11
1929,825
1929,2846
1929,2150
1929,104
1929,506
1929,911
1929,2052
1929,2054
1929,315
1929,2055
1930,659
1930,1359
1931,659
1931,1679
1931,1491
1931,655
1931,640
1932,659
1932,560
1932,888
1932,890
1932,67
1933,659
1934,659
1935,659
1935,1481
1935,537
1935,842
1935,1038
1935,680
1935,677
1935,701
1935,154
1935,1746
1936,637
1939,1106
1939,21
1939,1359
1939,1848
1939,1442
1939,1446
1939,1362
1939,1505
1939,506
1939,1157
1939,1361
1939,623
1939,1806
1939,291
1939,1422
1939,11
1939,1807
1939,385
1939,1158
1939,1868
1939,1679
1939,825
1940,139
1940,1485
1940,136
1940,137
1940,987
1940,686
1940,1683
1940,1545
1940,1206
1941,139
1941,620
1941,1360
1941,1505
1941,943
1941,907
1941,1683
1941,89
1941,1498
1941,2049
1942,139
1942,1844
1943,139
1944,139
1944,535
1944,2460
1944,1812
1944,133
1945,139
1945,535
1945,1360
1945,555
1945,1422
1946,139
1946,231
1947,139
1947,68
1948,139
1948,1481
1949,139
1949,637
1949,385
1949,1446
1950,139
1950,591
1950,133
1951,139
1952,139
1953,139
1953,1491
1953,3144
1953,1858
1953,1959
1954,139
1955,139
1955,8
1955,831
1955,1029
1956,139
1957,139
1957,1544
1958,139
1958,921
1958,1400
1959,139
1959,38
1959,571
1959,7
1960,389
1961,932
1962,540
1962,691
1964,793
1965,375
1969,543
1970,543
1970,522
1970,1034
1970,2570
1971,543
1972,543
1972,535
1972,51
1972,769
1972,568
1972,537
1972,520
1972,2782
1972,2783
1972,1970
1972,2716
1972,1980
1972,2210
1972,2784
1972,239
1972,2785
1972,2786
1972,1430
1972,2787
1972,2788
1972,2789
1972,1153
1972,2790
1972,985
1972,2791
1972,1816
1972,1983
1972,982
1972,666
1972,1990
1972,1994
1972,396
1972,663
1972,594
1972,1817
1972,665
1972,398
1972,1981
1972,1837
1972,983
1972,902
1972,1984
1972,1849
1972,802
1972,2792
1972,1276
1972,1975
1972,1835
1972,651
1972,2793
1972,2460
1972,892
1972,1971
1972,2794
1972,1836
1972,2795
1972,2796
1972,974
1972,2797
1972,2798
1972,2799
1972,2800
1972,912
1972,895
1972,2801
1972,1294
1972,2802
1972,1654
1972,394
1972,901
1972,660
1972,2283
1972,567
1972,1979
1972,987
1972,1969
1972,2803
1972,1976
1972,2804
1972,2805
1972,2806
1972,2409
1972,556
1972,576
1972,885
1973,543
1973,635
1973,2921
1973,1944
1974,543
1974,349
1974,3579
1975,543
1976,543
1976,535
1976,1362
1977,543
1977,1972
1977,969
1978,543
1979,543
1979,683
1979,593
1979,650
1979,946
1980,543
1980,876
1980,579
1980,597
1980,560
1980,683
1980,1442
1980,904
1980,1941
1980,1559
1980,947
1980,598
1980,2938
1980,1808
1980,2872
1980,678
1980,655
1980,595
1980,668
1980,2939
1980,910
1981,543
1981,698
1982,543
1982,701
1983,543
1983,644
1984,543
1984,48
1985,543
1986,543
1986,535
1987,543
1987,610
1988,543
1989,543
1989,532
1989,265
1989,3659
1990,543
1991,543
1991,533
1992,543
1993,51
1996,535
1997,562
1997,715
1997,1939
1997,731
1997,1153
1997,1444
1997,14
1997,320
1997,3372
1998,562
1999,562
1999,624
1999,1805
1999,521
1999,1021
1999,1179
1999,292
1999,1240
1999,514
1999,540
1999,272
1999,1456
1999,1534
1999,294
1999,358
1999,520
1999,884
2000,562
2000,8
2000,244
2000,1999
2000,839
2000,62
2000,689
2001,624
2002,624
2002,515
2002,540
2003,624
2004,624
2004,1679
2004,117
2004,683
2004,592
2004,1961
2004,3473
2004,1068
2005,624
2005,1131
2005,757
2006,624
2007,624
2007,1071
2007,570
2007,8
2007,244
2007,540
2007,529
2007,799
2007,68
2007,802
2007,768
2007,874
2007,689
2007,757
2007,1239
2008,624
2008,1162
2008,271
2008,954
2008,875
2008,116
2008,1238
2008,133
2009,624
2010,624
2010,21
2011,624
2011,1481
2012,624
2012,79
2012,609
2012,1048
2012,737
2015,715
2016,715
2016,1319
2017,715
2018,715
2018,1311
2019,715
2019,778
2020,715
2021,715
2021,610
2021,1051
2021,181
2021,757
2022,715
2022,857
2022,243
2022,1657
2023,715
2023,1805
2023,537
2024,715
2024,1019
2024,96
2024,1935
2024,598
2024,577
2024,527
2024,1740
2024,1932
2024,133
2024,1813
2025,715
2025,691
2025,1895
2026,715
2026,1360
2026,1422
2026,1854
2028,1512
2028,628
2029,83
2029,1303
2031,850
2032,850
2032,258
2033,850
2033,238
2034,850
2035,850
2036,850
2037,850
2038,850
2039,850
2039,718
2040,1939
2040,1679
2040,1929
2040,1158
2041,1939
2041,934
2041,1442
2042,1939
2042,1442
2043,1939
2044,1939
2044,2063
2045,1939
2045,2040
2045,3157
2046,1939
2047,1939
2048,1939
2048,905
2049,1939
2049,1359
2050,1939
2050,591
2050,1930
2050,685
2051,1939
2051,1929
2052,1939
2052,3146
2052,1856
2052,61
2052,1484
2053,1939
2053,537
2053,1972
2053,262
2053,885
2053,1929
2053,3204
2053,1495
2054,1939
2054,555
2054,2619
2054,104
2055,1939
2056,1939
2056,11
2056,560
2056,989
2056,905
2057,1939
2057,1481
2057,620
2057,1359
2057,839
2057,589
2058,1939
2058,989
2058,1559
2058,640
2058,1442
2059,1939
2059,937
2059,1442
2060,1939
2061,1939
2061,521
2061,133
2062,1939
2063,1939
2063,1559
2063,2040
2063,1808
2063,1442
2064,1939
2065,1939
2065,1491
2065,381
2065,1970
2065,2621
2066,1939
2066,909
2067,284
2068,284
2068,1042
2068,1719
2069,284
2070,284
2070,1218
2071,284
2071,876
2071,72
2071,610
2071,1021
2071,615
2071,1876
2072,284
2072,349
2072,83
2072,123
2072,94
2072,294
2073,276
2073,610
2073,1446
2073,540
2073,812
2073,278
2074,276
2075,276
2076,276
2077,276
2077,1120
2078,276
2078,231
2079,276
2080,276
2081,276
2082,276
2082,1162
2083,258
2084,1369
2085,72
2085,1699
2085,305
2085,97
2085,282
2085,1898
2085,1358
2085,112
2085,2071
2085,281
2085,287
2085,1228
2086,541
2086,1481
2086,195
2087,541
2088,541
2088,538
2088,560
2088,1159
2088,391
2088,969
2089,731
2089,572
2089,356
2090,731
2091,731
2092,731
2092,79
2092,1700
2092,565
2092,720
2093,731
2093,770
2093,1317
2094,731
2094,1233
2095,1238
2096,876
2097,876
2097,1481
2097,1999
2097,1320
2097,589
2098,876
2098,1485
2098,1360
2098,11
2098,1683
2098,1965
2098,3451
2098,1442
2099,876
2099,557
2099,1679
2099,366
2100,876
2101,876
2101,743
2101,258
2101,1009
2101,189
2101,727
2102,876
2102,706
2102,861
2103,876
2103,571
2104,876
2104,231
2104,1204
2105,876
2105,528
2106,876
2106,528
2106,305
2106,1320
2107,876
2107,1679
2107,13
2107,271
2107,619
2107,1358
2107,1471
2108,876
2108,528
2109,876
2110,876
2110,389
2111,876
2112,876
2112,1818
2112,1359
2112,517
2112,1980
2112,929
2112,668
2113,876
2113,579
2113,914
2113,1359
2113,137
2113,540
2113,559
2113,909
2113,566
2113,636
2115,1444
2115,451
2115,862
2115,1154
2116,589
2116,776
2117,716
2118,716
2118,79
2118,8
2118,195
2118,762
2118,831
2118,751
2118,1025
2119,716
2119,20
2120,716
2120,540
2120,855
2121,716
2122,716
2122,1162
2122,1016
2122,735
2122,540
2122,956
2122,189
2122,1230
2122,84
2122,1112
2122,805
2123,716
2123,743
2123,20
2124,716
2125,45
2126,45
2126,1481
2126,109
2126,96
2126,1927
2127,45
2127,1805
2127,1481
2127,627
2127,96
2127,590
2127,885
2127,910
2127,1238
2127,1997
2127,1838
2127,589
2127,626
2128,45
2128,1806
2128,96
2128,1844
2128,1289
2128,3436
2128,689
2129,45
2130,45
2130,1178
2130,1134
2130,687
2130,604
2131,45
2132,45
2132,109
2133,45
2133,109
2133,2107
2133,2132
2134,45
2134,38
2135,45
2136,45
2137,45
2137,592
2138,45
2138,568
2141,743
2142,743
2142,192
2143,743
2144,743
2144,1020
2145,743
2146,743
2146,129
2147,743
2147,732
2147,1048
2147,1188
2147,204
2148,21
2148,2053
2148,2098
2148,2194
2149,21
2149,534
2149,597
2149,701
2149,1842
2149,3181
2150,21
2150,538
2150,914
2150,896
2150,699
2150,1120
2150,793
2151,21
2151,560
2151,947
2152,21
2152,51
2153,21
2153,1485
2153,391
2153,937
2153,969
2153,596
2154,21
2155,21
2155,695
2157,349
2157,571
2157,92
2159,72
2159,1806
2160,72
2160,14
2161,72
2161,109
2162,72
2163,72
2164,72
2164,97
2165,72
2166,72
2167,72
2167,2325
2168,72
2169,72
2169,38
2169,1891
2169,32
2170,72
2171,72
2172,72
2173,72
2180,38
2182,557
2182,1545
2183,557
2184,557
2185,557
2185,1679
2185,530
2185,2665
2185,1442
2186,557
2186,1360
2186,1359
2186,540
2186,929
2186,650
2186,2113
2186,1807
2186,1442
2187,557
2187,558
2187,989
2187,1846
2188,557
2189,557
2189,385
2189,929
2189,1940
2189,1442
2189,1158
2190,557
2190,555
2190,1325
2190,1683
2190,930
2190,1456
2191,557
2191,1106
2192,557
2193,557
2193,1422
2193,1868
2196,535
2196,942
2196,700
2197,535
2197,555
2197,989
2197,378
2197,1858
2197,1941
2197,1438
2197,2062
2197,3531
2198,535
2199,535
2200,535
2201,535
2201,356
2202,535
2202,1485
2202,930
2203,535
2203,355
2203,989
2203,892
2204,535
2204,1485
2205,535
2205,914
2205,48
2205,2113
2205,2999
2206,535
2207,535
2207,1972
2207,946
2207,502
2208,535
2208,528
2208,676
2208,631
2209,535
2209,517
2210,535
2211,594
2211,2065
2211,1095
2212,947
2213,515
2215,947
2215,1991
2216,1162
2217,1162
2217,1468
2218,349
2218,1360
2219,349
2219,555
2219,914
2219,888
2219,558
2219,559
2219,2340
2219,2112
2219,968
2219,57
2219,1807
2219,1133
2220,349
2220,61
2220,937
2220,596
2221,349
2221,20
2221,3728
2222,349
2222,1481
2223,349
2223,389
2224,349
2224,1679
2224,885
2224,394
2224,978
2225,349
2225,51
2225,597
2225,153
2225,530
2225,1487
2225,982
2225,1568
2225,701
2225,567
2225,1499
2226,349
2226,660
2226,1986
2227,610
2227,264
2227,2104
2228,610
2228,109
2229,610
2229,115
2229,1223
2230,610
2230,1320
2230,1003
2231,610
2232,610
2233,610
2233,519
2233,620
2233,540
2233,1222
2233,1240
2233,1830
2236,1180
2238,8
2238,540
2238,514
2238,689
2239,51
2239,665
2240,51
2240,914
2240,670
2240,1442
2241,51
2242,51
2242,880
2242,1047
2242,2078
2243,51
2243,591
2243,592
2243,1361
2243,1464
2244,51
2245,51
2245,537
2246,174
2246,1835
2246,2239
2246,3233
2246,1895
2246,930
2246,2193
2247,579
2248,579
2248,1038
2248,1491
2248,910
2248,1868
2249,579
2249,593
2249,1491
2249,1961
2249,1495
2249,966
2250,579
2250,538
2250,1559
2250,1856
2250,1812
2250,908
2251,579
2252,579
2252,1812
2253,579
2254,579
2254,637
2254,888
2255,579
2255,663
2256,937
2256,2224
2260,2045
2260,2259
2260,3526
2260,3525
2261,2259
2261,3527
2261,2260
2261,2262
2262,1204
2262,825
2263,1071
2264,1071
2264,1019
2264,1468
2265,1071
2266,1071
2266,1653
2267,1071
2267,880
2268,1071
2268,277
2268,1641
2269,1071
2269,615
2270,1071
2270,2423
2270,1076
2271,1071
2272,1071
2272,1653
2273,1071
2274,1071
2275,1071
2275,257
2276,1071
2277,1071
2277,257
2282,1485
2283,1485
2283,1679
2283,136
2283,888
2283,1153
2283,2912
2283,1442
2283,885
2283,2942
2283,2189
2283,929
2283,2809
2283,1559
2283,634
2283,1570
2283,593
2283,137
2283,906
2283,946
2283,663
2284,1485
2285,1485
2285,592
2285,146
2286,1485
2287,1485
2288,1485
2289,1485
2289,521
2289,1360
2289,133
2290,1485
2291,1485
2291,355
2291,136
2291,1359
2291,593
2291,1294
2291,1837
2291,933
2291,1690
2291,2148
2292,1485
2292,520
2292,2246
2293,1485
2293,537
2293,2292
2294,1153
2294,885
2295,1813
2296,778
2296,79
2296,355
2296,735
2296,824
2296,584
2297,778
2300,1679
2300,888
2300,650
2300,940
2300,934
2300,2004
2300,3638
2301,1679
2301,96
2301,615
2302,1679
2302,1805
2303,1679
2303,1360
2303,888
2303,2149
2303,1848
2304,1679
2304,1360
2304,560
2305,1679
2306,1679
2307,1679
2308,1679
2308,627
2308,13
2308,589
2308,1231
2308,133
2309,1679
2310,1679
2310,1359
2310,593
2311,1679
2311,1930
2311,1442
2311,987
2312,1679
2312,620
2312,1360
2312,558
2312,174
2312,140
2312,1315
2312,887
2312,943
2312,1690
2312,3298
2312,2193
2312,1448
2312,1492
2312,1493
2312,1848
2312,1944
2313,1679
2313,914
2314,1679
2314,971
2315,1679
2315,136
2315,914
2315,1419
2316,1679
2316,1805
2316,678
2317,1679
2317,629
2319,1606
2321,528
2321,622
2321,540
2321,6
2321,704
2322,528
2322,540
2323,528
2324,528
2325,528
2326,528
2328,540
2328,1317
2328,1459
2329,519
2330,519
2331,519
2332,519
2334,857
2334,8
2334,728
2334,1575
2334,1200
2334,3349
2335,857
2335,8
2335,687
2335,1043
2335,1248
2335,584
2335,1665
2337,2113
2340,538
2340,137
2340,592
2340,907
2340,2196
2340,655
2340,2254
2340,2193
2341,538
2342,538
2342,136
2342,373
2342,597
2342,560
2342,683
2342,1980
2342,592
2342,1158
2342,146
2342,1157
2342,2058
2342,1961
2342,909
2342,2285
2343,1805
2343,622
2344,1805
2344,537
2344,1106
2344,2053
2344,2316
2345,1805
2345,522
2345,1844
2345,2128
2345,1529
2345,2302
2345,2403
2346,1805
2346,1010
2346,1935
2346,1133
2346,1363
2346,1018
2346,961
2346,1038
2346,92
2346,1316
2346,2861
2346,680
2346,2344
2346,549
2347,1805
2347,574
2347,1999
2348,1805
2348,2346
2348,1328
2348,3626
2349,1805
2349,625
2349,1034
2349,2346
2349,622
2349,1387
2349,2570
2349,1038
2350,1805
2350,2344
2351,1805
2351,1999
2352,1805
2353,1805
2354,1805
2357,1831
2357,1442
2357,359
2359,718
2360,718
2361,718
2362,718
2362,1326
2363,55
2363,1326
2363,61
2364,38
2365,38
2366,38
2366,1876
2367,38
2368,38
2369,38
2370,38
2370,597
2370,1972
2370,365
2370,964
2370,701
2370,962
2370,1424
2370,145
2370,807
2370,395
2370,392
2370,655
2370,977
2370,1442
2370,884
2371,38
2372,38
2373,38
2374,38
2375,38
2376,38
2376,373
2376,1980
2376,929
2376,133
2376,67
2376,2240
2376,1438
2376,909
2376,1495
2377,38
2378,38
2379,38
2379,3523
2380,38
2381,3621
2383,79
2383,1026
2383,80
2383,735
2383,784
2383,1048
2383,1185
2384,79
2385,79
2385,1898
2385,1617
2386,79
2386,1184
2386,27
2387,79
2387,15
2387,1020
2388,79
2389,79
2390,79
2391,79
2392,79
2393,79
2393,195
2393,748
2393,108
2393,309
2393,193
2394,79
2395,79
2395,706
2395,80
2395,23
2399,1025
2400,1016
2400,2299
2401,1016
2401,258
2402,1016
2402,195
2403,522
2403,1387
2403,626
2403,133
2404,522
2405,522
2406,522
2407,1019
2408,1019
2409,1019
2409,1076
2410,1019
2410,1653
2410,1011
2410,3749
2411,1019
2412,1019
2413,1019
2414,1019
2415,1019
2416,1019
2417,1019
2418,1019
2419,1019
2420,1019
2421,1019
2421,277
2422,1019
2423,1053
2424,1030
2425,748
2425,1528
2425,1616
2425,2772
2425,2424
2426,3765
2427,635
2428,644
2429,644
2430,644
2430,652
2430,915
2430,2220
2430,1839
2431,644
2432,1699
2433,1699
2435,1745
2435,1746
2435,1728
2436,2719
2438,244
2438,13
2438,1184
2438,261
2439,604
2439,55
2442,637
2443,637
2444,637
2445,637
2446,637
2446,1936
2447,637
2447,1559
2447,933
2447,2357
2447,1442
2448,637
2448,929
2448,592
2449,637
2449,989
2450,637
2451,637
2454,521
2455,521
2456,521
2459,269
2459,1491
2459,650
2459,971
2459,1442
2460,269
2460,597
2460,560
2460,910
2460,655
2460,937
2460,978
2460,391
2460,2287
2460,1417
2461,269
2461,282
2462,269
2462,1481
2462,597
2462,264
2462,1398
2462,875
2462,33
2463,269
2464,257
2465,257
2466,257
2467,257
2467,1072
2468,257
2469,257
2470,257
2470,1322
2471,257
2472,257
2472,252
2473,257
2473,1442
2473,646
2475,1481
2475,264
2476,1481
2476,1360
2476,305
2477,1481
2478,1481
2479,1481
2480,1481
2481,1481
2482,1481
2483,1481
2483,1412
2484,1481
2484,1307
2485,1481
2486,589
2487,987
2488,627
2488,533
2489,109
2489,67
2489,33
2490,109
2491,109
2492,109
2492,2124
2493,355
2493,1307
2494,355
2495,355
2495,914
2495,1837
2495,3211
2495,3212
2495,3213
2495,576
2495,976
2496,355
2497,355
2497,1187
2498,355
2499,355
2499,1980
2499,2283
2499,2342
2499,933
2499,1961
2499,1548
2499,2054
2501,570
2501,687
2501,1008
2501,523
2501,1185
2501,1868
2502,570
2505,544
2506,544
2506,568
2507,544
2508,544
2508,2507
2509,544
2509,907
2510,544
2510,706
2511,544
2511,617
2511,1387
2512,2508
2513,136
2513,914
2513,577
2513,511
2514,136
2514,914
2514,678
2514,2495
2515,385
2516,385
2517,385
2518,385
2519,385
2520,385
2520,997
2521,385
2521,929
2521,2520
2521,2445
2521,2185
2521,2312
2521,1419
2522,385
2522,373
2522,929
2522,2185
2523,385
2523,905
2524,385
2524,1856
2524,1442
2524,506
2524,386
2524,908
2524,2184
2525,385
2525,1153
2525,592
2525,2342
2525,2088
2525,2061
2525,1841
2526,385
2527,914
2527,1929
2527,1837
2527,932
2527,647
2527,978
2527,2050
2527,1936
2527,1484
2528,914
2528,1980
2528,1158
2528,2187
2528,1930
2528,2054
2528,685
2528,2048
2529,620
2529,888
2529,1422
2529,1743
2529,987
2530,620
2530,1442
2531,620
2532,620
2532,1818
2532,1940
2532,384
2533,1360
2533,555
2533,381
2533,2376
2533,1965
2534,1360
2534,558
2534,2312
2534,2519
2534,2291
2535,1360
2535,282
2535,955
2536,1360
2536,13
2536,345
2536,619
2536,133
2537,1360
2538,1360
2539,1360
2540,555
2540,1422
2541,555
2542,555
2542,889
2543,555
2544,555
2545,555
2546,555
2547,555
2548,555
2549,555
2549,3666
2550,555
2551,555
2552,555
2553,555
2553,2243
2553,2528
2554,555
2554,391
2555,555
2555,2872
2555,1204
2555,2219
2556,555
2557,555
2557,373
2557,559
2557,921
2557,949
2557,391
2557,1500
2557,915
2558,555
2559,555
2560,555
2560,3726
2561,555
2562,555
2562,140
2562,1895
2563,555
2563,1895
2564,555
2564,1883
2565,555
2566,555
2567,1806
2567,732
2567,1289
2567,2028
2568,1806
2569,1806
2569,1325
2570,1327
2570,1676
2570,663
2570,1321
2570,278
2570,1673
2570,2345
2570,884
2571,752
2571,834
2572,752
2572,691
2573,752
2574,752
2575,1026
2576,1026
2577,1026
2578,625
2578,769
2578,540
2578,2604
2578,779
2578,889
2579,625
2580,914
2580,1442
2581,914
2581,932
2581,2113
2581,2557
2581,948
2582,914
2582,1446
2582,1489
2583,914
2583,552
2584,914
2584,1093
2585,914
2585,568
2585,1315
2586,571
2587,571
2587,609
2588,571
2589,9
2595,55
2596,604
2597,20
2597,8
2597,735
2597,1314
2597,757
2598,20
2598,97
2598,102
2599,20
2600,20
2601,20
2601,586
2602,20
2604,769
2605,769
2606,769
2606,885
2606,1834
2607,1565
2609,11
2609,1442
2610,11
2610,2346
2611,11
2612,11
2612,1929
2613,11
2614,11
2615,11
2616,11
2616,888
2616,140
2616,1158
2617,11
2618,946
2620,373
2620,2524
2621,534
2621,552
2621,2513
2621,2303
2621,2059
2621,1978
2622,534
2622,989
2622,1442
2623,534
2623,2370
2624,534
2624,807
2625,534
2625,2024
2626,706
2626,540
2626,100
2626,844
2626,866
2627,706
2627,757
2627,2485
2628,706
2629,1276
2631,1653
2631,277
2631,1029
2632,616
2633,616
2638,8
2638,3556
2639,8
2639,68
2639,155
2640,8
2641,8
2641,1043
2641,2032
2642,8
2643,8
2643,540
2649,540
2649,2238
2650,80
2651,80
2652,80
2653,80
2656,524
2656,594
2656,2154
2656,2050
2657,524
2658,524
2658,2291
2659,524
2659,305
2659,320
2659,126
2660,524
2660,972
2663,1178
2663,574
2663,1188
2664,568
2664,969
2665,568
2665,520
2665,656
2665,2113
2665,2557
2665,2255
2665,1944
2665,150
2665,647
2665,2088
2665,511
2665,2705
2666,568
2670,856
2671,856
2671,2148
2671,2560
2671,2662
2672,856
2673,856
2674,1818
2674,678
2675,1446
2675,905
2676,1446
2677,1446
2678,1446
2679,1446
2679,1831
2680,1446
2680,1106
2680,2561
2681,1446
2681,3205
2682,1446
2684,709
2685,709
2685,115
2686,1134
2687,1134
2688,1134
2688,2927
2688,3712
2691,1767
2691,584
2691,3656
2691,1787
2692,735
2692,617
2692,2149
2693,597
2693,592
2693,911
2694,553
2694,96
2694,2567
2695,553
2695,622
2695,1328
2696,533
2697,533
2697,560
2697,617
2697,517
2698,533
2699,533
2700,533
2700,140
2700,2045
2700,2665
2700,2705
2701,533
2701,2189
2702,533
2702,1153
2703,560
2703,1495
2704,560
2704,2283
2704,530
2704,1106
2704,1000
2704,937
2704,1831
2705,560
2705,1491
2706,560
2706,950
2707,560
2707,594
2707,2225
2707,700
2708,560
2708,559
2708,2499
2708,566
2709,560
2709,2370
2709,3041
2709,976
2710,1034
2710,1876
2711,1034
2711,1512
2712,1034
2712,2611
2713,687
2715,42
2716,50
2716,949
2716,701
2716,969
2716,2253
2717,50
2718,604
2718,15
2719,604
2727,195
2728,195
2729,195
2730,258
2731,258
2732,589
2733,305
2734,305
2735,305
2735,3146
2735,2161
2735,2301
2735,1669
2735,2133
2735,2126
2735,2129
2735,1681
2736,305
2737,305
2738,305
2739,305
2740,1067
2741,94
2741,1201
2742,537
2743,728
2743,84
2743,88
2743,419
2744,96
2745,96
2746,96
2746,507
2747,96
2748,96
2749,96
2750,96
2751,96
2752,96
2752,2370
2752,966
2752,387
2752,3240
2752,807
2753,96
2753,1844
2753,2570
2753,663
2753,3215
2754,1021
2754,1512
2756,117
2756,540
2756,869
2756,768
2756,1405
2756,757
2759,244
2759,540
2759,1179
2760,244
2760,869
2761,244
2761,2756
2761,757
2762,784
2763,784
2764,784
2764,1858
2765,784
2767,540
2767,1060
2767,100
2768,55
2771,1653
2771,1029
2772,1653
2772,585
2772,748
2774,1311
2774,586
2774,1186
2775,1311
2776,1311
2777,1311
2778,1972
2778,1817
2778,701
2778,697
2779,1972
2780,1972
2781,1972
2781,896
2786,566
2786,2513
2791,2606
2792,558
2799,944
2800,699
2800,1983
2803,598
2804,896
2804,942
2804,969
2807,1359
2807,593
2807,636
2807,3523
2807,1442
2808,1359
2809,1359
2810,1359
2810,2309
2810,1442
2811,1359
2812,1359
2813,1359
2813,892
2813,2112
2814,1359
2816,888
2817,1442
2817,3525
2817,3526
2817,3527
2817,2259
2817,2261
2817,2260
2818,1422
2820,574
2821,1844
2822,1844
2823,842
2823,439
2824,842
2825,774
2826,774
2826,1069
2827,635
2828,635
2828,599
2829,635
2829,1958
2830,635
2830,2427
2831,635
2832,635
2833,1159
2833,2239
2833,1821
2833,2449
2834,683
2835,683
2835,2473
2836,683
2837,683
2838,683
2839,683
2840,683
2841,683
2842,591
2843,591
2843,2148
2844,591
2844,514
2844,2128
2845,591
2846,174
2846,2040
2846,1807
2846,1442
2847,1069
2848,1069
2849,1069
2849,1909
2850,115
2850,13
2850,540
2850,692
2850,261
2850,2242
2850,133
2851,115
2852,115
2852,13
2853,1999
2854,1999
2854,2347
2854,2732
2854,1434
2855,1999
2856,1999
2856,1284
2857,2346
2857,1018
2857,961
2857,1363
2858,2346
2858,2857
2858,1363
2859,2346
2859,1296
2859,614
2860,2346
2861,824
2862,617
2863,617
2863,1008
2863,2440
2864,617
2865,617
2865,1427
2866,617
2867,617
2868,617
2868,1362
2870,2104
2871,83
2872,83
2872,2040
2872,946
2872,1093
2872,1548
2872,1941
2872,2444
2872,2525
2873,83
2874,83
2875,83
2875,303
2876,83
2876,631
2877,83
2878,83
2879,83
2879,2122
2880,83
2881,1326
2882,1326
2883,517
2884,517
2885,1153
2885,946
2886,1153
2888,558
2888,1854
2888,1491
2889,558
2889,2538
2890,558
2890,131
2891,558
2892,558
2893,558
2894,558
2894,2138
2895,558
2895,1491
2895,1487
2896,97
2896,2873
2896,10
2896,1470
2897,97
2898,97
2898,2896
2899,97
2899,2896
2899,2898
2899,2873
2899,196
2899,2242
2899,235
2899,395
2899,2370
2899,884
2900,97
2901,97
2902,97
2902,812
2902,261
2903,97
2903,188
2904,97
2904,3761
2905,97
2905,788
2906,989
2907,989
2907,2040
2907,2045
2907,2530
2908,989
2908,1614
2909,989
2910,989
2911,989
2912,1495
2913,174
2913,949
2913,2447
2914,140
2915,140
2916,129
2917,129
2919,1296
2920,185
2921,520
2921,2245
2922,7
2923,13
2923,540
2924,13
2924,540
2925,880
2926,880
2927,513
2927,583
2927,1423
2927,952
2930,622
2931,622
2932,622
2932,261
2933,622
2933,239
2933,1468
2933,61
2934,622
2935,239
2935,665
2935,2239
2935,1570
2937,1980
2938,1491
2939,2342
2940,2283
2941,2283
2943,615
2943,1927
2944,615
2945,615
2945,2570
2947,1512
2948,609
2948,1043
2948,549
2949,609
2950,609
2950,9
2950,2589
2950,178
2951,540
2951,757
2952,1674
2952,1098
2954,137
2954,937
2955,1387
2955,2570
2956,1387
2956,692
2957,2570
2957,614
2957,1238
2958,1427
2959,540
2960,540
2961,540
2962,540
2963,540
2964,540
2965,540
2965,2264
2966,540
2967,540
2968,540
2969,540
2970,540
2971,540
2973,589
2974,264
2974,2012
2977,2781
2977,1847
2978,2649
2978,2238
2979,277
2979,585
2979,2466
2980,277
2981,277
2982,277
2982,1528
2983,277
2983,1621
2984,262
2988,1135
2989,1720
2989,1721
2989,1733
2989,1713
2990,1720
2990,1748
2990,582
2990,2724
2991,1721
2992,559
2993,559
2994,559
2995,559
2995,2310
2996,559
2996,658
2997,559
2998,1559
2998,2681
2998,1442
2999,1559
2999,929
2999,530
2999,1442
2999,2057
2999,389
2999,1932
3000,1559
3000,2668
3001,1559
3001,2665
3001,2506
3004,2570
3005,2570
3006,2570
3006,2753
3006,261
3007,675
3007,889
3007,2193
3009,572
3014,950
3014,556
3014,911
3014,3715
3014,701
3016,239
3017,239
3017,1927
3018,239
3019,239
3020,2040
3020,1929
3020,1831
3021,2040
3022,82
3023,1038
3024,869
3025,869
3027,698
3028,929
3029,929
3029,1500
3030,929
3030,2113
3030,89
3030,506
3030,948
3030,924
3031,929
3032,929
3032,2380
3032,567
3033,929
3035,839
3036,585
3037,585
3037,1107
3037,1076
3038,585
3038,814
3038,748
3039,585
3041,663
3041,1837
3041,976
3042,663
3043,1940
3044,590
3046,1854
3047,1854
3048,1854
3049,1854
3049,3029
3050,1365
3051,552
3051,3417
3052,552
3052,3078
3053,592
3053,894
3054,592
3054,594
3055,592
3056,2899
3057,2899
3057,2623
3058,2899
3058,387
3059,691
3059,689
3061,1214
3061,303
3062,1214
3062,303
3062,1837
3062,1808
3063,1214
3064,1214
3065,238
3066,238
3067,894
3068,894
3069,894
3070,894
3071,894
3072,894
3073,894
3074,1315
3075,1315
3076,1315
3076,2342
3076,527
3076,921
3076,968
3078,1491
3078,2248
3078,2756
3079,1491
3079,2138
3079,2624
3080,1491
3080,2024
3080,2065
3081,1491
3082,1491
3082,1505
3082,2704
3082,3032
3082,1494
3082,3033
3083,2872
3083,1442
3084,381
3084,2312
3084,2561
3085,2127
3085,131
3086,594
3087,598
3087,969
3088,652
3088,2312
3089,652
3090,652
3090,2738
3091,2084
3091,1369
3091,3050
3091,1366
3091,1096
3091,3102
3091,1130
3091,643
3091,707
3092,3091
3093,3091
3094,3091
3095,3091
3096,3091
3097,3091
3098,3091
3099,3091
3100,3091
3100,2066
3100,2084
3101,3091
3101,1365
3101,2084
3103,2189
3104,586
3105,514
3105,1230
3105,1926
3106,514
3107,1700
3107,2092
3109,192
3109,1012
3110,192
3110,207
3111,192
3112,1009
3113,1009
3114,154
3115,154
3115,831
3115,1517
3115,2299
3116,153
3117,686
3117,2197
3118,686
3119,2370
3120,2370
3120,380
3121,2370
3122,2370
3122,2174
3123,1206
3124,1206
3125,1929
3125,933
3125,2872
3126,1929
3126,2150
3126,3030
3127,131
3127,619
3127,1672
3127,2328
3127,2231
3128,131
3128,626
3128,1093
3128,916
3128,1192
3128,1394
3129,14
3130,14
3130,1412
3131,14
3132,14
3132,3756
3133,676
3134,271
3134,589
3134,121
3135,123
3135,1318
3136,282
3137,282
3138,678
3138,1931
3139,356
3139,626
3139,3717
3141,692
3141,527
3141,2717
3142,1563
3143,556
3144,2187
3144,1424
3146,2656
3146,3168
3146,2446
3146,2661
3146,2658
3147,2656
3147,2682
3147,2810
3148,2656
3148,2207
3149,2656
3150,2656
3150,2495
3150,971
3150,3717
3151,910
3152,2045
3152,696
3152,1442
3153,2045
3153,1093
3153,2528
3154,2045
3155,2045
3155,1093
3155,2219
3156,2045
3157,2872
3158,3087
3158,2168
3165,3146
3165,2521
3165,3156
3166,3146
3166,2495
3167,3146
3169,2344
3170,2344
3171,2344
3172,2085
3173,2085
3174,831
3175,831
3177,1907
3179,2149
3179,933
3180,2149
3180,261
3180,61
3180,1944
3180,701
3180,133
3182,1837
3182,2050
3184,287
3185,887
3186,2521
3187,2521
3188,2521
3188,2495
3188,946
3188,2534
3188,937
3188,3149
3188,1941
3189,2521
3189,2065
3189,3235
3190,360
3191,345
3192,2092
3193,22
3194,22
3194,2665
3195,896
3196,896
3196,1726
3196,448
3197,896
3197,1442
3198,970
3198,2052
3199,1106
3200,1408
3201,1408
3203,794
3204,2285
3205,940
3206,940
3207,2495
3208,2495
3208,3147
3208,3188
3208,3186
3208,2050
3209,2495
3209,916
3210,2495
3214,2753
3214,3006
3214,3215
3216,932
3216,933
3216,655
3217,1505
3217,2836
3218,2342
3219,2342
3220,669
3221,254
3221,802
3221,2103
3222,1919
3223,1919
3225,1013
3225,2425
3226,2527
3227,2527
3228,2246
3228,2239
3228,1570
3229,2246
3230,2246
3231,2246
3231,2240
3231,701
3232,2246
3234,933
3235,1961
3236,1961
3237,1961
3238,2752
3239,2752
3240,2369
3240,2134
3240,3058
3241,1856
3242,565
3242,573
3244,619
3244,634
3246,2148
3247,656
3248,2376
3249,767
3249,1442
3252,3251
3252,2846
3253,3252
3254,3252
3255,3252
3256,3252
3257,3252
3258,3252
3259,3252
3260,3252
3261,3252
3262,1327
3263,958
3264,1230
3265,2989
3265,1733
3265,3274
3266,2989
3266,1733
3266,3265
3266,3350
3266,3274
3267,2340
3268,1808
3269,1808
3270,1010
3271,451
3277,1575
3279,9
3280,1000
3280,3188
3280,2661
3280,2658
3281,1487
3282,2357
3282,1442
3283,2357
3283,2447
3284,3165
3284,2446
3285,631
3286,631
3286,1295
3287,1668
3287,1672
3287,802
3288,1317
3289,1317
3290,1317
3291,1317
3291,2328
3292,1317
3293,1579
3293,176
3294,1510
3295,982
3296,982
3297,699
3297,603
3297,2909
3299,2113
3300,2113
3300,3296
3301,2113
3301,3019
3302,1848
3304,1412
3305,1412
3306,1412
3309,2735
3310,953
3311,1460
3312,409
3312,1266
3313,3312
3314,3312
3316,947
3317,2460
3317,671
3317,3090
3318,3144
3318,3676
3319,3144
3319,1442
3320,2
3321,1120
3322,1120
3322,1300
3323,1120
3324,178
3325,751
3325,3225
3326,751
3326,1587
3327,795
3328,890
3328,1890
3330,2621
3331,2621
3332,1812
3333,1812
3333,2665
3333,969
3335,1430
3337,2665
3337,2243
3337,3577
3337,1442
3338,2665
3338,2048
3339,2499
3339,909
3340,3100
3341,3100
3342,3100
3343,2580
3343,1442
3344,2462
3345,748
3345,3225
3345,1102
3346,92
3347,92
3347,1014
3347,2601
3348,2334
3350,3265
3351,1417
3352,1417
3353,1817
3354,146
3354,1400
3355,146
3356,67
3357,67
3358,67
3359,639
3359,2872
3360,639
3361,2243
3362,2243
3363,2243
3364,2833
3365,2833
3365,1204
3365,638
3365,2262
3366,1495
3367,1495
3368,1495
3369,886
3370,2680
3370,917
3371,197
3373,261
3374,3087
3375,1573
3376,1573
3377,1722
3379,665
3380,391
3380,2451
3381,760
3382,760
3383,760
3385,1402
3386,1402
3386,3384
3386,642
3387,2065
3388,2065
3389,1869
3390,33
3391,2438
3393,717
3394,717
3394,207
3396,61
3397,61
3397,3533
3398,1574
3398,108
3399,915
3399,2291
3399,1834
3399,997
3401,2253
3402,394
3403,394
3405,937
3407,1958
3407,2829
3408,2112
3409,2872
3409,1442
3410,2872
3411,1683
3412,1534
3413,614
3414,614
3415,614
3416,614
3417,614
3418,614
3419,551
3420,679
3421,3101
3422,3101
3422,1369
3423,3147
3424,3147
3425,3147
3425,3226
3426,2026
3427,1868
3428,1868
3429,44
3430,342
3431,750
3433,2974
3434,1030
3434,1324
3435,2128
3437,1765
3438,1369
3438,3050
3438,1365
3438,3342
3438,1366
3438,643
3439,3438
3440,3438
3441,2459
3442,2459
3442,1442
3443,3208
3443,3280
3443,2052
3443,2912
3443,1239
3443,1937
3445,1419
3446,1419
3447,2566
3448,75
3449,1568
3450,3370
3452,1891
3452,141
3453,3045
3453,589
3453,2321
3453,2008
3453,3701
3454,796
3455,1542
3455,589
3457,2107
3458,300
3459,1176
3460,793
3461,2000
3462,3394
3463,1187
3464,1187
3465,1187
3467,2395
3469,2148
3470,909
3470,1743
3472,2004
3474,930
3475,1369
3475,1517
3476,3050
3477,1932
3478,2345
3479,3280
3480,3280
3481,2520
3482,2520
3483,2520
3484,2520
3485,1558
3485,133
3486,554
3487,554
3488,1743
3489,1743
3490,1743
3490,2285
3490,3082
3491,1950
3492,2425
3493,166
3494,380
3495,969
3496,969
3497,2207
3498,389
3498,2703
3498,1442
3499,2041
3500,1130
3501,1895
3502,3364
3503,1362
3503,1993
3504,1544
3505,1926
3506,1320
3507,2403
3508,1473
3509,768
3510,714
3511,3051
3512,2027
3513,2927
3514,1517
3515,1517
3517,662
3518,2513
3519,2513
3520,2310
3521,2310
3521,2380
3523,2185
3524,2186
3528,2197
3529,2197
3530,2197
3532,2169
3534,589
3535,589
3536,589
3536,588
3537,589
3538,589
3539,589
3539,1099
3539,2936
3540,589
3541,589
3542,589
3543,589
3544,589
3545,589
3546,1032
3546,3287
3547,1652
3548,727
3549,215
3550,1423
3553,1055
3554,1055
3557,1697
3558,2902
3559,1973
3560,1834
3560,2581
3561,2682
3562,889
3563,2219
3563,2248
3563,3319
3564,2219
3565,1883
3566,1878
3568,875
3569,1644
3570,3062
3571,1730
3572,1728
3574,643
3574,2328
3575,2249
3576,3341
3578,3481
3581,3580
3581,3420
3582,1965
3583,1471
3584,133
3585,2160
3586,1630
3587,1175
3588,69
3589,1525
3591,1447
3592,1073
3593,1102
3594,1011
3595,2151
3596,2151
3597,1442
3597,2522
3597,2757
3598,607
3599,923
3600,923
3601,3240
3602,3240
3603,2854
3604,3605
3606,3605
3606,3604
3606,1531
3606,2231
3606,3731
3608,1451
3609,1302
3610,188
3611,2623
3612,974
3613,657
3614,2084
3615,1366
3616,1366
3617,2846
3617,1442
3618,3297
3619,3182
3620,3182
3622,2933
3623,730
3624,1076
3625,1587
3627,1053
3628,1053
3629,1053
3629,1057
3629,3627
3630,2592
3633,1986
3634,393
3636,2285
3637,2285
3639,388
3639,3565
3639,2622
3640,3058
3641,3058
3641,3367
3642,141
3643,1924
3644,1924
3645,1684
3646,307
3647,2106
3649,775
3650,1911
3653,2691
3654,2691
3655,2691
3658,3657
3661,2304
3662,3523
3663,2447
3664,1122
3665,3319
3665,987
3666,3665
3667,3092
3668,1904
3669,3584
3670,3538
3671,1861
3672,3322
3673,1205
3674,938
3674,511
3675,3374
3676,3231
3676,3723
3677,3077
3678,3677
3678,3077
3678,2153
3679,3678
3679,3077
3680,1941
3680,1547
3682,1442
3683,3069
3684,3501
3684,2540
3685,1442
3686,1442
3687,1442
3688,1442
3689,3482
3689,1442
3690,3482
3692,3691
3692,3361
3693,2550
3694,2543
3695,3452
3696,1546
3698,1436
3699,2864
3700,2010
3702,2472
3703,1617
3704,2497
3705,3311
3706,3110
3710,3709
3711,1577
3716,694
3718,3716
3719,1867
3721,1442
3724,2235
3726,2662
3727,371
3729,3262
3730,1238
3732,1228
3734,1215
3735,2964
3736,757
3737,757
3739,584
3746,712
3747,3650
3747,3770
3748,1077
3750,701
3751,1890
3752,3082
3753,1442
3754,3128
3755,133
3757,133
3759,1368
3760,2094
3764,757
3766,815
3768,3769
3771,1386
3772,1025
3773,1442
3776,2978
3777,3778
3779,2765
3781,757
3782,1266
