source,target,weight
0,391,1
0,962,0.666667
0,1698,1
0,1938,1
0,1945,1
2,1873,1
3,1804,1
6,1668,1
8,1668,1
10,116,1
10,456,0.666667
10,573,0.666667
10,866,0.666667
10,868,0.666667
10,889,0.666667
10,915,0.666667
10,964,0.666667
10,1134,0.666667
10,1213,0.666667
10,1322,0.666667
10,1381,1
10,2005,0.666667
11,63,1
11,118,1
11,119,1
11,154,0.75
11,164,0.75
11,242,1
11,265,0.75
11,277,0.75
11,315,0.5
11,418,0.75
11,433,0.75
11,456,0.5
11,464,0.75
11,478,0.75
11,555,0.75
11,557,0.75
11,573,0.75
11,640,1
11,689,0.75
11,903,1
11,979,1
11,998,0.5
11,1010,1
11,1018,0.75
11,1072,0.75
11,1080,1
11,1099,1
11,1119,0.75
11,1134,0.75
11,1190,1
11,1213,0.75
11,1240,0.75
11,1286,1
11,1322,0.75
11,1368,0.75
11,1401,0.75
11,1429,0.75
11,1485,1
11,1509,0.75
11,1575,0.75
11,1585,0.75
11,1618,1
11,1628,1
11,1662,1
11,1668,0.5
11,1669,0.75
11,1717,1
11,1750,0.75
11,1766,1
11,1791,0.75
11,1832,0.75
11,1838,0.75
11,1875,0.5
11,1877,0.75
11,1962,0.5
11,1986,0.75
11,2000,1
11,2005,0.75
13,24,0.75
13,44,1
13,73,1
13,91,1
13,107,1
13,135,1
13,167,1
13,195,1
13,216,0.75
13,217,1
13,271,0.75
13,279,1
13,338,1
13,343,1
13,402,0.75
13,410,1
13,456,0.5
13,510,0.75
13,520,1
13,535,0.5
13,584,0.75
13,598,0.75
13,604,1
13,649,1
13,716,1
13,722,1
13,736,1
13,826,0.75
13,840,1
13,851,0.75
13,872,1
13,902,0.75
13,938,1
13,954,1
13,960,1
13,963,1
13,998,0.5
13,1063,1
13,1083,1
13,1128,1
13,1193,0.75
13,1238,1
13,1257,0.5
13,1268,1
13,1277,1
13,1290,1
13,1294,1
13,1330,1
13,1379,0.75
13,1408,1
13,1431,1
13,1439,0.75
13,1452,1
13,1466,0.75
13,1500,1
13,1521,1
13,1531,1
13,1577,1
13,1579,0.75
13,1586,0.75
13,1596,1
13,1607,1
13,1672,1
13,1781,0.75
13,1790,1
13,1844,0.75
13,1853,0.75
13,1873,0.5
13,1893,1
13,1926,1
13,1935,1
13,1941,1
13,1962,0.5
13,1973,0.75
13,1994,0.75
13,1997,0.75
14,202,0.666667
14,349,0.666667
14,374,0.666667
14,458,0.666667
14,491,1
14,731,0.5
14,1207,0.666667
14,1562,0.666667
14,1705,0.666667
14,1911,1
15,1668,1
20,410,1
20,510,1
20,1143,1
20,1277,1
20,1439,1
20,1898,1
20,1973,1
20,1997,1
21,1769,1
21,1962,0.5
22,1873,1
23,46,0.666667
23,119,1
23,154,0.75
23,164,0.75
23,202,0.5
23,256,1
23,265,0.75
23,305,0.75
23,328,0.75
23,384,0.5
23,409,0.5
23,411,1
23,418,1
23,433,0.75
23,452,0.5
23,456,0.5
23,464,1
23,555,0.75
23,557,0.75
23,573,0.75
23,640,1
23,665,0.5
23,689,0.75
23,712,0.75
23,793,0.75
23,795,0.75
23,816,0.75
23,851,0.5
23,866,0.75
23,868,0.75
23,889,0.75
23,903,0.75
23,915,0.666667
23,964,0.75
23,979,0.75
23,998,0.5
23,1018,0.75
23,1119,0.75
23,1134,0.75
23,1178,0.75
23,1213,0.75
23,1240,0.75
23,1322,0.75
23,1368,0.75
23,1429,0.75
23,1433,0.666667
23,1575,0.75
23,1585,1
23,1668,0.5
23,1669,0.75
23,1742,0.666667
23,1767,0.5
23,1769,0.5
23,1791,1
23,1815,1
23,1832,0.75
23,1838,0.75
23,1961,0.75
23,1962,0.5
23,1975,1
23,1986,1
24,33,0.666667
24,44,0.75
24,73,0.75
24,91,0.75
24,107,0.75
24,135,0.75
24,167,0.75
24,195,0.75
24,216,1
24,217,0.75
24,271,0.75
24,279,0.75
24,338,0.75
24,343,0.75
24,402,1
24,410,0.75
24,456,0.5
24,510,0.75
24,520,0.75
24,584,0.75
24,598,0.75
24,604,0.75
24,649,0.75
24,716,0.75
24,722,0.75
24,736,0.75
24,826,0.75
24,840,0.75
24,851,0.75
24,872,0.75
24,902,1
24,938,0.75
24,954,0.75
24,960,0.75
24,963,0.75
24,998,0.75
24,1063,0.75
24,1083,0.75
24,1128,0.75
24,1143,0.5
24,1150,0.5
24,1193,1
24,1238,0.75
24,1257,0.5
24,1268,0.75
24,1277,0.75
24,1290,0.75
24,1294,0.75
24,1330,0.75
24,1379,1
24,1408,0.75
24,1431,0.75
24,1439,0.75
24,1452,0.75
24,1466,1
24,1500,0.75
24,1521,0.75
24,1531,0.75
24,1577,0.75
24,1579,1
24,1586,0.75
24,1596,0.75
24,1607,0.75
24,1781,1
24,1790,0.75
24,1844,0.75
24,1853,1
24,1873,0.5
24,1893,0.75
24,1898,0.5
24,1926,0.75
24,1935,0.75
24,1941,0.75
24,1962,0.5
24,1973,1
24,1994,1
24,1997,1
25,1668,1
26,1668,1
27,1873,1
29,629,1
30,1143,1
30,1586,1
33,216,0.666667
33,402,0.666667
33,626,1
33,902,0.666667
33,1193,0.666667
33,1197,1
33,1379,0.666667
33,1466,0.666667
33,1579,0.666667
33,1781,0.666667
33,1853,0.666667
33,1898,1
33,1973,0.666667
33,1994,0.666667
33,1997,0.666667
34,92,1
34,322,1
34,349,1
34,852,1
34,1133,1
34,1705,1
36,664,1
36,873,1
36,1023,1
36,1620,1
37,992,0.5
37,1668,0.5
38,305,1
38,382,1
38,816,1
38,1010,1
38,1575,1
38,1791,1
38,1838,1
41,1257,1
43,90,1
43,190,0.75
43,347,0.75
43,363,0.75
43,387,1
43,403,1
43,487,0.75
43,508,1
43,515,1
43,733,1
43,782,1
43,890,1
43,957,0.75
43,1029,0.75
43,1041,1
43,1068,0.75
43,1102,0.75
43,1136,0.75
43,1154,1
43,1404,0.75
43,1444,0.75
43,1507,0.75
43,1527,0.75
43,1597,0.75
43,1666,0.75
43,1689,0.75
43,1749,0.75
43,1802,1
43,1900,0.75
43,1914,0.75
43,1964,0.75
43,1974,1
43,1992,1
43,2024,0.75
44,73,1
44,91,1
44,107,1
44,135,1
44,167,1
44,195,1
44,216,0.75
44,217,1
44,271,0.75
44,279,1
44,338,1
44,343,1
44,402,0.75
44,410,1
44,456,0.5
44,510,0.75
44,520,1
44,584,0.75
44,598,0.75
44,604,1
44,649,1
44,716,1
44,722,1
44,736,1
44,826,0.75
44,840,1
44,851,0.75
44,872,1
44,902,0.75
44,938,1
44,954,1
44,960,1
44,963,1
44,998,0.5
44,1063,1
44,1083,1
44,1128,1
44,1143,0.5
44,1193,0.75
44,1238,1
44,1257,0.5
44,1268,1
44,1277,1
44,1290,1
44,1294,1
44,1330,1
44,1379,0.75
44,1408,1
44,1431,1
44,1439,0.75
44,1452,1
44,1466,0.75
44,1500,1
44,1521,1
44,1531,1
44,1577,1
44,1579,0.75
44,1586,0.75
44,1596,1
44,1607,1
44,1781,0.75
44,1790,1
44,1844,0.75
44,1853,0.75
44,1873,0.5
44,1893,1
44,1926,1
44,1935,1
44,1941,1
44,1962,0.5
44,1973,0.75
44,1994,0.75
44,1997,0.75
45,1668,1
46,119,0.666667
46,164,0.666667
46,265,0.666667
46,305,1
46,328,1
46,409,1
46,411,0.666667
46,418,0.666667
46,456,0.666667
46,464,0.666667
46,557,0.666667
46,640,0.666667
46,667,0.666667
46,689,0.666667
46,793,1
46,816,1
46,889,0.666667
46,979,0.666667
46,998,0.666667
46,1018,0.666667
46,1072,0.666667
46,1119,0.666667
46,1178,1
46,1240,0.666667
46,1322,0.666667
46,1368,0.666667
46,1429,0.666667
46,1433,1
46,1575,0.666667
46,1585,0.666667
46,1669,0.666667
46,1742,1
46,1791,0.666667
46,1838,0.666667
46,1962,0.666667
46,1975,0.666667
46,1986,0.666667
48,1668,1
50,750,1
50,1892,1
50,2002,1
51,1668,1
53,110,1
53,153,1
53,188,1
53,377,1
53,401,1
53,513,1
53,561,1
53,668,1
53,732,1
53,987,1
53,1087,1
53,1325,1
53,1372,1
53,1792,1
53,1871,1
53,1951,1
53,1972,1
53,1985,1
53,2003,1
54,1257,1
54,1873,1
55,95,1
55,183,1
55,238,1
55,318,1
55,652,1
55,737,1
55,1143,0.5
55,1902,1
56,1668,1
59,1832,1
60,588,1
60,894,1
60,2015,1
63,118,1
63,119,1
63,154,0.75
63,164,0.75
63,265,0.75
63,315,0.5
63,332,0.666667
63,418,0.75
63,456,0.5
63,464,0.75
63,478,0.75
63,555,0.75
63,557,0.75
63,573,0.75
63,640,1
63,689,0.75
63,903,1
63,979,1
63,998,0.5
63,1010,1
63,1072,0.75
63,1079,0.666667
63,1080,1
63,1099,1
63,1119,0.75
63,1190,1
63,1213,0.75
63,1240,0.75
63,1286,1
63,1322,0.75
63,1368,0.75
63,1429,0.75
63,1485,1
63,1509,0.75
63,1522,0.75
63,1575,0.75
63,1585,0.75
63,1628,1
63,1662,1
63,1668,0.5
63,1669,0.75
63,1717,1
63,1750,0.75
63,1791,0.75
63,1875,0.5
63,1877,0.75
63,1918,0.75
63,1962,0.5
63,1986,0.75
63,2000,1
63,2005,0.75
65,221,1
65,848,1
65,923,1
65,1158,0.666667
70,962,0.666667
70,1711,1
70,1873,0.666667
73,91,1
73,107,1
73,135,1
73,167,1
73,195,1
73,216,0.75
73,217,1
73,271,0.75
73,279,1
73,338,1
73,343,1
73,402,0.75
73,410,1
73,456,0.5
73,510,0.75
73,520,1
73,584,0.75
73,598,0.75
73,604,1
73,649,1
73,716,1
73,722,1
73,736,1
73,826,0.75
73,840,1
73,851,0.75
73,872,1
73,902,0.75
73,938,1
73,954,1
73,960,1
73,963,1
73,998,0.5
73,1063,1
73,1083,1
73,1128,1
73,1193,0.75
73,1238,1
73,1257,0.5
73,1268,1
73,1277,1
73,1290,1
73,1294,1
73,1330,1
73,1379,0.75
73,1408,1
73,1431,1
73,1439,0.75
73,1452,1
73,1466,0.75
73,1500,1
73,1521,1
73,1531,1
73,1577,1
73,1579,0.75
73,1586,0.75
73,1596,1
73,1607,1
73,1781,0.75
73,1790,1
73,1844,0.75
73,1853,0.75
73,1873,0.5
73,1893,1
73,1926,1
73,1935,1
73,1941,1
73,1962,0.5
73,1973,0.75
73,1994,0.75
73,1997,0.75
74,176,0.5
74,1257,0.5
74,1898,0.5
75,247,1
75,465,1
75,1186,1
75,1905,0.5
75,2026,0.5
79,244,0.75
79,245,0.75
79,429,1
79,727,0.75
79,990,1
79,997,1
79,1057,1
79,1158,0.75
79,1194,1
79,1305,0.666667
79,1376,0.666667
79,1392,0.75
79,1423,1
79,1443,1
79,1549,0.75
79,1980,1
83,349,1
83,361,1
83,534,1
83,828,1
83,1562,1
83,1705,1
83,1767,0.666667
83,1996,1
88,1668,1
89,164,0.666667
89,209,0.666667
89,265,0.666667
89,315,1
89,384,1
89,555,0.666667
89,557,0.666667
89,689,0.666667
89,1240,0.666667
89,1429,0.666667
89,1522,0.666667
89,1669,0.666667
89,1673,0.666667
89,1730,1
89,1769,1
89,1838,0.666667
90,190,0.75
90,347,0.75
90,363,0.75
90,387,1
90,403,1
90,487,0.75
90,508,1
90,515,1
90,733,1
90,782,1
90,890,1
90,957,0.75
90,1029,0.75
90,1041,1
90,1068,0.75
90,1102,0.75
90,1136,0.75
90,1154,1
90,1404,0.75
90,1444,0.75
90,1507,0.75
90,1527,0.75
90,1597,0.75
90,1666,0.75
90,1689,0.75
90,1749,0.75
90,1802,1
90,1900,0.75
90,1914,0.75
90,1964,0.75
90,1974,1
90,1992,1
90,2024,0.75
91,107,1
91,135,1
91,167,1
91,195,1
91,216,0.75
91,217,1
91,271,0.75
91,279,1
91,338,1
91,343,1
91,402,0.75
91,410,1
91,456,0.5
91,510,0.75
91,520,1
91,584,0.75
91,598,0.75
91,604,1
91,649,1
91,716,1
91,722,1
91,736,1
91,826,0.75
91,840,1
91,851,0.75
91,872,1
91,902,0.75
91,938,1
91,954,1
91,960,1
91,963,1
91,998,0.5
91,1063,1
91,1083,1
91,1128,1
91,1143,0.5
91,1193,0.75
91,1238,1
91,1257,0.5
91,1268,1
91,1277,1
91,1290,1
91,1294,1
91,1330,1
91,1379,0.75
91,1408,1
91,1431,1
91,1439,0.75
91,1452,1
91,1466,0.75
91,1500,1
91,1521,1
91,1531,1
91,1577,1
91,1579,0.75
91,1586,0.75
91,1596,1
91,1607,1
91,1781,0.75
91,1790,1
91,1844,0.75
91,1853,0.75
91,1873,0.5
91,1893,1
91,1926,1
91,1935,1
91,1941,1
91,1962,0.5
91,1973,0.75
91,1994,0.75
91,1997,0.75
92,322,1
92,349,1
92,794,0.5
92,852,1
92,1133,1
92,1705,1
95,183,1
95,238,1
95,318,1
95,652,1
95,737,1
95,827,1
95,1143,0.5
95,1902,1
96,452,1
97,469,1
103,119,1
103,154,1
103,332,1
103,410,0.5
103,418,1
103,449,1
103,456,1
103,462,0.5
103,464,1
103,478,1
103,555,1
103,557,1
103,573,1
103,584,0.5
103,689,1
103,826,0.5
103,851,0.5
103,863,0.5
103,866,1
103,898,0.5
103,903,1
103,998,1
103,1010,1
103,1072,1
103,1079,1
103,1119,1
103,1240,1
103,1257,0.5
103,1277,0.5
103,1322,1
103,1429,1
103,1439,0.5
103,1466,0.5
103,1509,1
103,1522,1
103,1546,0.5
103,1575,1
103,1585,1
103,1662,1
103,1668,0.5
103,1669,1
103,1750,1
103,1767,0.5
103,1791,1
103,1832,1
103,1838,1
103,1853,0.5
103,1873,0.5
103,1877,1
103,1918,1
103,1962,1
103,1973,0.5
103,1986,1
103,1997,0.5
103,2005,1
104,120,0.5
104,332,0.5
104,411,0.5
104,422,0.5
104,462,0.5
104,464,0.5
104,478,0.5
104,538,0.5
104,666,0.5
104,703,1
104,998,0.5
104,1051,1
104,1276,0.5
104,1322,0.5
104,1409,1
104,1509,0.5
104,1575,0.5
104,1585,0.5
104,1628,0.5
104,1791,0.5
104,1829,1
104,1832,0.5
104,1877,0.5
104,1961,0.5
104,1962,0.5
104,1986,0.5
107,135,1
107,167,1
107,195,1
107,216,0.75
107,217,1
107,271,0.75
107,279,1
107,338,1
107,343,1
107,402,0.75
107,410,1
107,456,0.5
107,510,0.75
107,520,1
107,584,0.75
107,598,0.75
107,604,1
107,649,1
107,716,1
107,722,1
107,736,1
107,826,0.75
107,840,1
107,851,0.75
107,872,1
107,902,0.75
107,938,1
107,954,1
107,960,1
107,963,1
107,998,0.5
107,1063,1
107,1083,1
107,1128,1
107,1193,0.75
107,1238,1
107,1257,0.5
107,1268,1
107,1277,1
107,1290,1
107,1294,1
107,1330,1
107,1379,0.75
107,1408,1
107,1431,1
107,1439,0.75
107,1452,1
107,1466,0.75
107,1500,1
107,1521,1
107,1531,1
107,1577,1
107,1579,0.75
107,1586,0.75
107,1596,1
107,1607,1
107,1781,0.75
107,1790,1
107,1844,0.75
107,1853,0.75
107,1873,0.5
107,1893,1
107,1926,1
107,1935,1
107,1941,1
107,1962,0.5
107,1973,0.75
107,1994,0.75
107,1997,0.75
108,119,0.5
108,154,0.5
108,164,0.5
108,176,1
108,277,0.5
108,418,0.5
108,464,0.5
108,478,0.5
108,555,0.5
108,557,0.5
108,573,0.5
108,682,0.5
108,689,0.5
108,998,0.5
108,1080,0.5
108,1119,0.5
108,1240,0.5
108,1429,0.5
108,1485,0.5
108,1509,0.5
108,1575,0.5
108,1585,0.5
108,1618,0.5
108,1628,0.5
108,1662,0.5
108,1750,0.5
108,1766,0.5
108,1791,0.5
108,1815,0.5
108,1877,0.5
108,1975,0.5
108,1986,0.5
108,2005,0.5
110,153,1
110,188,1
110,377,1
110,401,1
110,513,1
110,561,1
110,668,1
110,732,1
110,987,1
110,1087,1
110,1325,1
110,1372,1
110,1792,1
110,1871,1
110,1951,1
110,1972,1
110,1985,1
110,2003,1
116,456,0.666667
116,573,0.666667
116,866,0.666667
116,868,0.666667
116,889,0.666667
116,915,0.666667
116,964,0.666667
116,1134,0.666667
116,1213,0.666667
116,1322,0.666667
116,1381,1
116,2005,0.666667
118,154,0.666667
118,265,0.666667
118,411,0.666667
118,418,0.666667
118,456,0.666667
118,464,0.666667
118,478,0.666667
118,573,0.666667
118,667,0.666667
118,689,0.666667
118,903,1
118,979,1
118,998,0.666667
118,1080,1
118,1099,1
118,1190,1
118,1213,0.666667
118,1240,0.666667
118,1322,0.666667
118,1368,0.666667
118,1429,0.666667
118,1509,0.666667
118,1575,0.666667
118,1585,0.666667
118,1628,1
118,1669,0.666667
118,1717,1
118,1750,0.666667
118,1766,1
118,1791,0.666667
118,1832,0.666667
118,1877,0.666667
118,1962,0.666667
118,1986,0.666667
118,2000,1
119,154,1
119,164,1
119,176,0.5
119,202,0.666667
119,242,1
119,265,1
119,277,1
119,305,0.666667
119,315,0.5
119,328,0.666667
119,332,1
119,382,0.666667
119,409,0.666667
119,411,1
119,418,1
119,422,1
119,433,1
119,449,0.666667
119,452,0.666667
119,456,0.666667
119,462,0.5
119,464,1
119,478,1
119,555,1
119,557,1
119,573,1
119,627,0.666667
119,640,1
119,689,1
119,793,0.666667
119,795,1
119,816,0.666667
119,863,0.5
119,866,1
119,889,1
119,903,1
119,979,1
119,998,0.666667
119,1010,1
119,1018,1
119,1072,1
119,1079,0.666667
119,1080,1
119,1119,1
119,1134,1
119,1178,0.666667
119,1190,1
119,1213,1
119,1240,1
119,1276,1
119,1286,1
119,1322,1
119,1368,1
119,1401,1
119,1429,1
119,1433,0.666667
119,1485,1
119,1509,1
119,1522,1
119,1575,1
119,1585,1
119,1618,1
119,1628,1
119,1662,1
119,1668,0.666667
119,1669,1
119,1673,1
119,1742,0.666667
119,1750,1
119,1766,1
119,1791,1
119,1815,1
119,1838,1
119,1875,0.5
119,1877,1
119,1918,1
119,1962,0.666667
119,1975,1
119,1986,1
119,2000,1
119,2005,1
120,277,0.5
120,332,0.5
120,422,0.5
120,666,1
120,868,0.5
120,1276,0.5
120,1618,0.5
120,1628,0.5
120,1918,0.5
120,2026,0.5
121,1856,1
121,1922,1
122,1668,1
124,694,1
124,1580,1
131,894,0.5
131,1993,1
135,167,1
135,195,1
135,216,0.75
135,217,1
135,271,0.75
135,279,1
135,338,1
135,343,1
135,402,0.75
135,410,1
135,456,0.5
135,510,0.75
135,520,1
135,584,0.75
135,598,0.75
135,604,1
135,649,1
135,716,1
135,722,1
135,736,1
135,826,0.75
135,840,1
135,851,0.75
135,872,1
135,902,0.75
135,938,1
135,954,1
135,960,1
135,963,1
135,998,0.5
135,1063,1
135,1083,1
135,1128,1
135,1193,0.75
135,1238,1
135,1257,0.5
135,1268,1
135,1277,1
135,1290,1
135,1294,1
135,1330,1
135,1379,0.75
135,1408,1
135,1431,1
135,1439,0.75
135,1452,1
135,1466,0.75
135,1500,1
135,1521,1
135,1531,1
135,1577,1
135,1579,0.75
135,1586,0.75
135,1596,1
135,1607,1
135,1781,0.75
135,1790,1
135,1844,0.75
135,1853,0.75
135,1873,0.5
135,1893,1
135,1926,1
135,1935,1
135,1941,1
135,1962,0.5
135,1973,0.75
135,1994,0.75
135,1997,0.75
139,448,1
139,729,1
139,1499,1
140,1668,1
141,278,1
141,292,1
141,818,1
141,891,1
141,1478,1
141,1779,1
141,1905,0.5
145,904,0.666667
145,1035,0.666667
145,1211,0.666667
145,1555,0.666667
145,1649,0.666667
145,1690,0.666667
145,1784,1
145,2026,0.5
147,625,1
147,1257,0.5
147,1873,0.5
148,828,1
149,306,1
150,449,0.5
150,573,0.5
150,689,0.5
150,712,0.5
150,717,1
150,998,0.5
150,1322,0.5
150,1575,0.5
150,1585,0.5
150,1750,0.5
150,1832,0.5
150,1838,0.5
152,202,0.5
152,349,0.5
152,361,0.5
152,439,0.5
152,682,1
152,731,1
152,823,1
152,1257,0.5
152,1637,1
152,1739,1
152,1767,0.5
152,1873,0.5
153,188,1
153,377,1
153,401,1
153,513,1
153,561,1
153,668,1
153,732,1
153,987,1
153,1087,1
153,1325,1
153,1372,1
153,1792,1
153,1871,1
153,1951,1
153,1972,1
153,1985,1
153,2003,1
154,164,0.75
154,176,0.5
154,242,1
154,265,0.75
154,277,0.75
154,315,0.5
154,332,0.666667
154,382,0.75
154,384,0.5
154,411,0.75
154,418,0.75
154,433,1
154,449,0.5
154,452,0.5
154,456,0.5
154,462,0.5
154,464,0.75
154,478,0.75
154,555,0.75
154,557,0.75
154,573,0.75
154,627,0.75
154,629,0.5
154,640,1
154,665,0.5
154,667,0.5
154,689,0.75
154,712,0.75
154,795,1
154,863,0.5
154,866,0.75
154,868,0.75
154,889,0.75
154,903,0.75
154,915,0.666667
154,964,0.75
154,977,0.75
154,979,0.75
154,998,0.5
154,1010,1
154,1018,1
154,1072,1
154,1079,0.666667
154,1080,0.75
154,1099,0.5
154,1119,0.75
154,1134,0.75
154,1190,0.75
154,1213,0.75
154,1226,0.5
154,1240,0.75
154,1276,1
154,1286,1
154,1322,0.75
154,1365,1
154,1368,1
154,1401,1
154,1429,0.75
154,1485,1
154,1509,0.75
154,1522,0.75
154,1553,1
154,1575,0.75
154,1585,0.75
154,1618,1
154,1628,0.75
154,1662,1
154,1668,0.5
154,1669,0.75
154,1673,0.75
154,1717,0.666667
154,1750,0.75
154,1766,1
154,1791,0.75
154,1815,1
154,1832,0.75
154,1838,0.75
154,1855,0.5
154,1875,0.5
154,1877,0.75
154,1918,0.75
154,1961,0.75
154,1962,0.5
154,1975,1
154,1986,0.75
154,2000,0.666667
154,2005,0.75
154,2026,0.5
157,832,1
164,176,0.5
164,202,0.5
164,209,0.666667
164,242,1
164,265,1
164,271,0.5
164,277,0.75
164,305,0.5
164,315,0.5
164,328,0.5
164,409,0.5
164,411,0.75
164,418,0.75
164,433,0.75
164,452,0.5
164,456,0.5
164,464,0.75
164,478,0.75
164,510,0.5
164,555,1
164,557,1
164,573,0.75
164,584,0.5
164,598,0.5
164,640,1
164,689,1
164,712,0.75
164,793,0.5
164,816,0.5
164,868,0.75
164,889,0.75
164,903,0.75
164,979,0.75
164,998,0.5
164,1010,1
164,1018,0.75
164,1072,0.75
164,1080,0.75
164,1119,0.75
164,1134,0.75
164,1178,0.5
164,1190,0.75
164,1213,0.75
164,1240,1
164,1286,1
164,1322,0.75
164,1368,0.75
164,1401,0.75
164,1429,1
164,1433,0.666667
164,1485,1
164,1509,0.75
164,1522,1
164,1575,0.75
164,1585,0.75
164,1618,1
164,1628,0.75
164,1662,1
164,1668,0.5
164,1669,1
164,1673,1
164,1730,0.666667
164,1742,0.666667
164,1750,0.75
164,1766,1
164,1791,0.75
164,1815,1
164,1838,1
164,1875,0.5
164,1877,0.75
164,1962,0.5
164,1975,1
164,1986,0.75
164,2000,0.666667
164,2005,0.75
165,349,0.75
165,538,0.75
165,583,1
165,828,1
165,917,1
165,1562,1
167,195,1
167,216,0.75
167,217,1
167,271,0.75
167,279,1
167,338,1
167,343,1
167,402,0.75
167,410,1
167,456,0.5
167,510,0.75
167,520,1
167,584,0.75
167,598,0.75
167,604,1
167,649,1
167,716,1
167,722,1
167,736,1
167,826,0.75
167,840,1
167,851,0.75
167,872,1
167,902,0.75
167,938,1
167,954,1
167,960,1
167,963,1
167,998,0.5
167,1063,1
167,1083,1
167,1128,1
167,1193,0.75
167,1238,1
167,1257,0.5
167,1268,1
167,1277,1
167,1290,1
167,1294,1
167,1330,1
167,1379,0.75
167,1408,1
167,1431,1
167,1439,0.75
167,1452,1
167,1466,0.75
167,1500,1
167,1521,1
167,1531,1
167,1577,1
167,1579,0.75
167,1586,0.75
167,1596,1
167,1607,1
167,1781,0.75
167,1790,1
167,1844,0.75
167,1853,0.75
167,1873,0.5
167,1893,1
167,1926,1
167,1935,1
167,1941,1
167,1962,0.5
167,1973,0.75
167,1994,0.75
167,1997,0.75
170,1668,1
173,998,1
173,1080,1
176,277,0.5
176,418,0.5
176,464,0.5
176,478,0.5
176,555,0.5
176,557,0.5
176,573,0.5
176,667,0.5
176,689,0.5
176,998,0.5
176,1080,0.5
176,1119,0.5
176,1240,0.5
176,1429,0.5
176,1485,0.5
176,1509,0.5
176,1575,0.5
176,1585,0.5
176,1618,0.5
176,1628,0.5
176,1662,0.5
176,1750,0.5
176,1766,0.5
176,1791,0.5
176,1815,0.5
176,1877,0.5
176,1898,0.5
176,1975,0.5
176,1986,0.5
176,2005,0.5
177,452,1
181,755,1
183,238,1
183,318,1
183,652,1
183,737,1
183,1143,0.5
183,1902,1
185,1705,1
185,1873,1
186,1873,1
187,1873,1
188,377,1
188,401,1
188,513,1
188,561,1
188,668,1
188,732,1
188,987,1
188,1087,1
188,1325,1
188,1372,1
188,1792,1
188,1871,1
188,1951,1
188,1972,1
188,1985,1
188,2003,1
190,347,1
190,387,0.75
190,403,0.75
190,487,1
190,508,0.75
190,515,0.75
190,733,0.75
190,782,0.75
190,890,0.75
190,957,1
190,1041,0.75
190,1068,1
190,1102,1
190,1154,0.75
190,1404,1
190,1444,1
190,1527,1
190,1666,1
190,1802,0.75
190,1974,0.75
190,1992,0.75
190,2024,1
194,204,1
194,452,0.5
195,216,0.75
195,217,1
195,271,0.75
195,279,1
195,338,1
195,343,1
195,402,0.75
195,410,1
195,456,0.5
195,510,0.75
195,520,1
195,584,0.75
195,598,0.75
195,604,1
195,649,1
195,716,1
195,722,1
195,736,1
195,826,0.75
195,840,1
195,851,0.75
195,872,1
195,902,0.75
195,938,1
195,954,1
195,960,1
195,963,1
195,998,0.5
195,1063,1
195,1083,1
195,1128,1
195,1193,0.75
195,1238,1
195,1257,0.5
195,1268,1
195,1277,1
195,1290,1
195,1294,1
195,1330,1
195,1379,0.75
195,1408,1
195,1431,1
195,1439,0.75
195,1452,1
195,1466,0.75
195,1500,1
195,1521,1
195,1531,1
195,1577,1
195,1579,0.75
195,1586,0.75
195,1596,1
195,1607,1
195,1781,0.75
195,1790,1
195,1844,0.75
195,1853,0.75
195,1873,0.5
195,1893,1
195,1926,1
195,1935,1
195,1941,1
195,1962,0.5
195,1973,0.75
195,1994,0.75
195,1997,0.75
196,1676,1
196,1873,0.5
196,1891,1
198,1668,1
202,265,0.5
202,344,0.5
202,361,0.5
202,374,0.666667
202,411,0.5
202,418,0.5
202,452,0.5
202,458,0.666667
202,464,0.5
202,478,0.5
202,491,0.5
202,557,0.5
202,573,0.5
202,602,0.5
202,640,0.666667
202,686,1
202,689,0.5
202,731,0.5
202,795,0.5
202,831,0.5
202,866,0.5
202,868,0.5
202,889,0.5
202,944,0.5
202,964,0.5
202,979,0.5
202,1018,0.5
202,1060,0.5
202,1072,0.5
202,1119,0.5
202,1207,0.666667
202,1240,0.5
202,1257,0.5
202,1322,0.5
202,1323,1
202,1368,0.5
202,1429,0.5
202,1487,1
202,1509,0.5
202,1575,0.5
202,1585,0.5
202,1638,1
202,1662,0.666667
202,1668,0.5
202,1669,0.5
202,1673,0.5
202,1726,0.5
202,1750,0.5
202,1755,1
202,1767,0.5
202,1791,0.5
202,1832,0.5
202,1838,0.5
202,1873,0.5
202,1877,0.5
202,1911,1
202,1961,0.5
202,1975,0.666667
202,1986,0.5
202,1996,1
203,1679,1
203,1705,0.5
204,452,0.5
206,1668,1
209,265,0.666667
209,534,0.5
209,538,0.666667
209,555,0.666667
209,557,0.666667
209,689,0.666667
209,1240,0.666667
209,1429,0.666667
209,1522,0.666667
209,1669,0.666667
209,1673,0.666667
209,1726,0.5
209,1730,0.666667
210,584,1
211,1668,1
216,217,0.75
216,271,0.75
216,279,0.75
216,338,0.75
216,343,0.75
216,402,1
216,410,0.75
216,456,0.5
216,510,0.75
216,520,0.75
216,584,0.75
216,598,0.75
216,604,0.75
216,649,0.75
216,716,0.75
216,722,0.75
216,736,0.75
216,826,0.75
216,840,0.75
216,851,0.75
216,872,0.75
216,902,1
216,938,0.75
216,942,0.5
216,954,0.75
216,960,0.75
216,963,0.75
216,998,0.75
216,1063,0.75
216,1083,0.75
216,1128,0.75
216,1143,0.5
216,1150,0.5
216,1193,1
216,1197,0.666667
216,1238,0.75
216,1257,0.5
216,1268,0.75
216,1277,0.75
216,1290,0.75
216,1294,0.75
216,1330,0.75
216,1379,1
216,1408,0.75
216,1424,0.5
216,1431,0.75
216,1439,0.75
216,1452,0.75
216,1466,1
216,1500,0.75
216,1521,0.75
216,1531,0.75
216,1577,0.75
216,1579,1
216,1586,0.75
216,1596,0.75
216,1607,0.75
216,1781,1
216,1790,0.75
216,1844,0.75
216,1853,1
216,1857,1
216,1873,0.5
216,1893,0.75
216,1898,0.5
216,1926,0.75
216,1935,0.75
216,1941,0.75
216,1962,0.5
216,1973,1
216,1994,1
216,1997,1
217,271,0.75
217,279,1
217,338,1
217,343,1
217,402,0.75
217,410,1
217,456,0.5
217,510,0.75
217,520,1
217,584,0.75
217,598,0.75
217,604,1
217,649,1
217,716,1
217,722,1
217,736,1
217,826,0.75
217,840,1
217,851,0.75
217,872,1
217,902,0.75
217,938,1
217,954,1
217,960,1
217,963,1
217,998,0.5
217,1063,1
217,1083,1
217,1128,1
217,1193,0.75
217,1238,1
217,1257,0.5
217,1268,1
217,1277,1
217,1290,1
217,1294,1
217,1330,1
217,1379,0.75
217,1408,1
217,1431,1
217,1439,0.75
217,1452,1
217,1466,0.75
217,1500,1
217,1521,1
217,1531,1
217,1577,1
217,1579,0.75
217,1586,0.75
217,1596,1
217,1607,1
217,1781,0.75
217,1790,1
217,1844,0.75
217,1853,0.75
217,1873,0.5
217,1893,1
217,1926,1
217,1935,1
217,1941,1
217,1962,0.5
217,1973,0.75
217,1994,0.75
217,1997,0.75
218,1873,1
220,371,1
220,1767,0.5
220,1873,0.5
221,848,1
221,923,1
221,1158,0.666667
224,1923,1
226,1257,1
228,1257,1
232,833,1
238,318,1
238,652,1
238,737,1
238,1143,0.5
238,1902,1
241,1668,1
242,277,1
242,418,1
242,456,1
242,464,1
242,478,1
242,573,1
242,689,1
242,903,1
242,979,1
242,998,1
242,1119,1
242,1134,1
242,1322,1
242,1368,1
242,1509,1
242,1575,1
242,1585,1
242,1618,1
242,1628,1
242,1750,1
242,1766,1
242,1791,1
242,1877,1
242,1962,1
242,1986,1
242,2000,1
242,2005,1
244,245,0.75
244,357,0.666667
244,571,0.666667
244,727,0.75
244,896,0.666667
244,990,1
244,997,1
244,1057,1
244,1069,0.666667
244,1157,0.666667
244,1158,0.75
244,1392,0.75
244,1549,0.75
245,385,1
245,727,0.75
245,824,1
245,881,1
245,990,1
245,997,1
245,1057,1
245,1158,0.75
245,1287,1
245,1305,1
245,1376,1
245,1392,0.75
245,1423,1
245,1549,0.75
245,1593,1
245,1833,1
245,1905,0.5
246,1668,1
247,252,1
247,465,1
247,1186,1
247,1388,1
247,1905,0.666667
252,465,1
252,1186,1
252,1388,1
252,1905,0.666667
253,1668,1
254,1668,1
256,305,1
256,328,1
256,409,0.5
256,411,1
256,418,1
256,464,1
256,793,1
256,816,1
256,851,0.5
256,1178,1
256,1585,1
256,1767,0.5
256,1791,1
256,1986,1
260,277,0.5
260,442,1
260,690,0.5
260,712,0.5
260,868,0.5
260,982,1
260,1276,0.5
260,1286,0.5
260,1494,1
260,1522,0.5
260,1628,0.5
260,1918,0.5
260,2026,1
263,1668,1
264,535,1
264,1268,1
264,1500,1
264,1586,1
264,1997,1
265,271,0.5
265,305,0.5
265,315,0.5
265,328,0.5
265,409,0.5
265,411,0.75
265,418,0.75
265,452,0.5
265,456,0.5
265,464,0.75
265,478,0.75
265,510,0.5
265,555,1
265,557,1
265,573,0.75
265,584,0.5
265,598,0.5
265,640,1
265,689,1
265,712,0.75
265,793,0.5
265,816,0.5
265,889,0.75
265,903,0.75
265,979,0.75
265,998,0.5
265,1010,1
265,1018,0.75
265,1072,0.75
265,1080,0.75
265,1099,0.5
265,1119,0.75
265,1178,0.5
265,1190,0.75
265,1213,0.75
265,1240,1
265,1286,1
265,1322,0.75
265,1368,0.75
265,1429,1
265,1433,0.666667
265,1485,1
265,1509,0.75
265,1522,1
265,1575,0.75
265,1585,0.75
265,1628,0.75
265,1662,1
265,1668,0.5
265,1669,1
265,1673,1
265,1717,0.666667
265,1730,0.666667
265,1742,0.666667
265,1750,0.75
265,1766,1
265,1791,0.75
265,1832,0.75
265,1838,1
265,1875,0.5
265,1877,0.75
265,1962,0.5
265,1975,1
265,1986,0.75
265,2000,0.666667
265,2005,0.75
271,279,0.75
271,338,0.75
271,343,0.75
271,402,0.75
271,410,0.75
271,456,0.5
271,510,1
271,520,0.75
271,555,0.5
271,557,0.5
271,584,1
271,598,1
271,604,0.75
271,649,0.75
271,689,0.5
271,716,0.75
271,722,0.75
271,736,0.75
271,826,0.75
271,840,0.75
271,851,0.75
271,872,0.75
271,902,0.75
271,938,0.75
271,954,0.75
271,960,0.75
271,963,0.75
271,998,0.5
271,1063,0.75
271,1083,0.75
271,1128,0.75
271,1143,0.5
271,1193,0.75
271,1238,0.75
271,1240,0.5
271,1257,0.5
271,1268,0.75
271,1277,0.75
271,1290,0.75
271,1294,0.75
271,1330,0.75
271,1379,0.75
271,1408,0.75
271,1429,0.5
271,1431,0.75
271,1439,0.75
271,1452,0.75
271,1466,0.75
271,1500,0.75
271,1521,0.75
271,1522,0.5
271,1531,0.75
271,1577,0.75
271,1579,0.75
271,1586,0.75
271,1596,0.75
271,1607,0.75
271,1669,0.5
271,1673,0.5
271,1781,0.75
271,1790,0.75
271,1838,0.5
271,1844,0.75
271,1853,0.75
271,1873,0.5
271,1893,0.75
271,1926,0.75
271,1935,0.75
271,1941,0.75
271,1962,0.5
271,1973,0.75
271,1994,0.75
271,1997,0.75
277,332,1
277,418,0.75
277,422,1
277,433,0.75
277,442,0.666667
277,452,0.5
277,456,0.5
277,464,0.75
277,478,0.75
277,555,0.75
277,557,0.75
277,573,0.75
277,629,0.5
277,689,0.75
277,712,0.75
277,865,0.666667
277,868,0.75
277,903,0.75
277,979,0.75
277,982,0.5
277,998,0.5
277,1018,0.75
277,1080,0.75
277,1119,0.75
277,1134,0.75
277,1240,0.75
277,1276,0.75
277,1286,1
277,1322,0.75
277,1365,1
277,1368,0.75
277,1401,0.75
277,1429,0.75
277,1485,1
277,1494,1
277,1509,0.75
277,1522,0.75
277,1575,0.75
277,1585,0.75
277,1618,1
277,1628,0.75
277,1662,1
277,1668,0.75
277,1750,0.75
277,1766,1
277,1791,0.75
277,1815,1
277,1838,0.75
277,1877,0.75
277,1918,1
277,1962,0.5
277,1975,1
277,1986,0.75
277,2000,0.666667
277,2005,0.75
277,2026,0.5
278,292,1
278,818,1
278,891,1
278,1478,1
278,1779,1
278,1905,0.5
279,338,1
279,343,1
279,402,0.75
279,410,1
279,456,0.5
279,510,0.75
279,520,1
279,584,0.75
279,598,0.75
279,604,1
279,649,1
279,716,1
279,722,1
279,736,1
279,826,0.75
279,840,1
279,851,0.75
279,872,1
279,902,0.75
279,938,1
279,954,1
279,960,1
279,963,1
279,998,0.5
279,1063,1
279,1083,1
279,1128,1
279,1193,0.75
279,1238,1
279,1257,0.5
279,1268,1
279,1277,1
279,1290,1
279,1294,1
279,1330,1
279,1379,0.75
279,1408,1
279,1431,1
279,1439,0.75
279,1452,1
279,1466,0.75
279,1500,1
279,1521,1
279,1531,1
279,1577,1
279,1579,0.75
279,1586,0.75
279,1596,1
279,1607,1
279,1781,0.75
279,1790,1
279,1844,0.75
279,1853,0.75
279,1873,0.5
279,1893,1
279,1926,1
279,1935,1
279,1941,1
279,1962,0.5
279,1973,0.75
279,1994,0.75
279,1997,0.75
281,1124,1
281,1286,0.5
281,1875,0.5
282,1705,1
289,1873,1
290,1286,1
291,452,1
292,818,1
292,891,1
292,1478,1
292,1779,1
292,1812,0.5
292,1905,0.5
293,1668,1
294,1548,1
296,983,1
296,1696,1
300,897,1
301,1767,1
305,328,1
305,382,0.5
305,409,0.75
305,411,0.75
305,418,0.75
305,456,0.5
305,464,0.75
305,557,0.5
305,640,0.666667
305,689,0.5
305,793,1
305,816,1
305,851,0.5
305,889,0.5
305,979,0.5
305,998,0.5
305,1010,0.666667
305,1018,0.5
305,1119,0.5
305,1178,1
305,1240,0.5
305,1322,0.5
305,1368,0.5
305,1429,0.5
305,1433,1
305,1575,0.5
305,1585,0.75
305,1669,0.5
305,1742,1
305,1767,0.5
305,1769,0.5
305,1791,0.75
305,1838,0.5
305,1962,0.5
305,1975,0.666667
305,1986,0.75
310,1668,1
311,1683,1
311,1873,0.5
312,1668,1
313,1668,1
315,418,0.5
315,456,0.5
315,464,0.5
315,555,0.5
315,557,0.5
315,640,0.5
315,689,0.5
315,903,0.5
315,998,0.5
315,1010,0.5
315,1072,0.5
315,1080,0.5
315,1119,0.5
315,1190,0.5
315,1213,0.5
315,1240,0.5
315,1286,0.5
315,1322,0.5
315,1429,0.5
315,1485,0.5
315,1509,0.5
315,1575,0.5
315,1585,0.5
315,1662,0.5
315,1750,0.5
315,1791,0.5
315,1875,0.5
315,1986,0.5
315,2005,0.5
316,1668,1
318,652,1
318,737,1
318,1143,0.5
318,1902,1
320,1668,1
322,349,1
322,852,1
322,1133,1
322,1705,1
324,1668,1
325,1055,1
326,908,1
327,635,1
328,409,0.75
328,411,0.75
328,418,0.75
328,456,0.5
328,464,0.75
328,557,0.5
328,640,0.666667
328,689,0.5
328,793,1
328,816,1
328,851,0.5
328,889,0.5
328,979,0.5
328,998,0.5
328,1018,0.5
328,1119,0.5
328,1178,1
328,1240,0.5
328,1276,0.5
328,1322,0.5
328,1368,0.5
328,1409,0.5
328,1429,0.5
328,1433,1
328,1575,0.5
328,1585,0.75
328,1669,0.5
328,1742,1
328,1767,0.5
328,1769,0.5
328,1791,0.75
328,1838,0.5
328,1962,0.5
328,1975,0.666667
328,1986,0.75
328,2026,0.5
332,418,0.666667
332,422,1
332,442,0.666667
332,449,0.666667
332,456,0.666667
332,464,0.666667
332,478,0.666667
332,555,0.666667
332,557,0.666667
332,573,0.666667
332,666,0.5
332,689,0.666667
332,865,0.666667
332,903,0.666667
332,982,0.666667
332,998,0.666667
332,1010,1
332,1072,0.666667
332,1079,1
332,1119,0.666667
332,1240,0.666667
332,1276,0.666667
332,1322,0.666667
332,1429,0.666667
332,1509,0.666667
332,1522,0.666667
332,1575,0.666667
332,1585,0.666667
332,1628,0.666667
332,1668,0.666667
332,1669,0.666667
332,1750,0.666667
332,1791,0.666667
332,1877,0.666667
332,1918,1
332,1962,0.666667
332,1986,0.666667
332,2005,0.666667
336,1873,1
337,1814,1
338,343,1
338,402,0.75
338,410,1
338,456,0.5
338,510,0.75
338,520,1
338,584,0.75
338,598,0.75
338,604,1
338,649,1
338,716,1
338,722,1
338,736,1
338,826,0.75
338,840,1
338,851,0.75
338,872,1
338,902,0.75
338,938,1
338,954,1
338,960,1
338,963,1
338,998,0.5
338,1063,1
338,1083,1
338,1128,1
338,1143,0.5
338,1193,0.75
338,1238,1
338,1257,0.5
338,1268,1
338,1277,1
338,1290,1
338,1294,1
338,1330,1
338,1379,0.75
338,1408,1
338,1431,1
338,1439,0.75
338,1452,1
338,1466,0.75
338,1500,1
338,1521,1
338,1531,1
338,1577,1
338,1579,0.75
338,1586,0.75
338,1596,1
338,1607,1
338,1781,0.75
338,1790,1
338,1844,0.75
338,1853,0.75
338,1873,0.5
338,1893,1
338,1926,1
338,1935,1
338,1941,1
338,1962,0.5
338,1973,0.75
338,1994,0.75
338,1997,0.75
342,1873,1
343,402,0.75
343,410,1
343,456,0.5
343,510,0.75
343,520,1
343,584,0.75
343,598,0.75
343,604,1
343,649,1
343,716,1
343,722,1
343,736,1
343,826,0.75
343,840,1
343,851,0.75
343,872,1
343,902,0.75
343,938,1
343,954,1
343,960,1
343,963,1
343,998,0.5
343,1063,1
343,1083,1
343,1128,1
343,1143,0.5
343,1193,0.75
343,1238,1
343,1257,0.5
343,1268,1
343,1277,1
343,1290,1
343,1294,1
343,1330,1
343,1379,0.75
343,1408,1
343,1431,1
343,1439,0.75
343,1452,1
343,1466,0.75
343,1500,1
343,1521,1
343,1531,1
343,1577,1
343,1579,0.75
343,1586,0.75
343,1596,1
343,1607,1
343,1781,0.75
343,1790,1
343,1844,0.75
343,1853,0.75
343,1873,0.5
343,1893,1
343,1926,1
343,1935,1
343,1941,1
343,1962,0.5
343,1973,0.75
343,1994,0.75
343,1997,0.75
344,349,0.5
344,458,0.5
344,944,1
344,1257,0.5
344,1504,1
344,1767,0.5
344,1873,0.5
347,387,0.75
347,403,0.75
347,487,1
347,508,0.75
347,515,0.75
347,733,0.75
347,782,0.75
347,890,0.75
347,957,1
347,1041,0.75
347,1068,1
347,1102,1
347,1154,0.75
347,1404,1
347,1444,1
347,1527,1
347,1666,1
347,1802,0.75
347,1974,0.75
347,1992,0.75
347,2024,1
349,361,1
349,534,1
349,538,0.5
349,583,0.75
349,586,0.5
349,602,1
349,731,0.5
349,794,0.5
349,828,0.75
349,831,1
349,852,1
349,917,0.75
349,944,0.5
349,1133,1
349,1243,0.5
349,1382,1
349,1538,1
349,1562,0.75
349,1705,1
349,1726,1
349,1753,0.5
349,1767,0.5
351,1668,1
357,571,1
357,896,1
357,1069,1
357,1157,1
358,452,1
361,828,1
361,1257,0.5
361,1562,1
361,1767,0.5
361,1873,0.5
363,387,0.75
363,403,0.75
363,508,0.75
363,515,0.75
363,733,0.75
363,782,0.75
363,890,0.75
363,1029,1
363,1041,0.75
363,1136,1
363,1154,0.75
363,1507,1
363,1597,1
363,1689,1
363,1749,1
363,1802,0.75
363,1900,1
363,1914,1
363,1964,1
363,1974,0.75
363,1992,0.75
365,1257,1
365,1873,1
367,1668,1
368,452,1
371,1767,0.5
371,1873,0.5
374,458,1
374,731,0.5
374,1060,1
374,1207,1
377,401,1
377,513,1
377,561,1
377,668,1
377,732,1
377,987,1
377,1087,1
377,1325,1
377,1372,1
377,1792,1
377,1871,1
377,1951,1
377,1972,1
377,1985,1
377,2003,1
379,1668,1
381,1873,1
382,411,0.5
382,418,0.5
382,422,1
382,433,0.75
382,456,0.5
382,464,0.5
382,478,0.5
382,555,0.5
382,557,0.5
382,573,0.5
382,627,1
382,665,0.5
382,667,0.75
382,689,0.5
382,795,0.75
382,816,0.5
382,903,0.5
382,977,1
382,982,0.5
382,998,0.5
382,1010,0.666667
382,1018,0.75
382,1072,0.75
382,1119,0.5
382,1226,0.75
382,1240,0.5
382,1276,0.75
382,1368,0.75
382,1401,0.75
382,1429,0.5
382,1509,0.5
382,1575,0.5
382,1585,0.5
382,1618,0.666667
382,1628,0.5
382,1651,0.5
382,1669,0.5
382,1673,0.5
382,1742,0.666667
382,1766,0.666667
382,1791,0.5
382,1855,0.75
382,1962,0.5
382,1986,0.5
383,1668,1
384,411,0.5
384,433,0.5
384,456,0.5
384,478,0.5
384,555,0.5
384,557,0.5
384,573,0.5
384,665,1
384,712,0.5
384,795,0.5
384,866,0.5
384,868,0.5
384,903,0.5
384,915,0.5
384,964,0.5
384,998,0.5
384,1119,0.5
384,1134,0.5
384,1213,0.5
384,1240,0.5
384,1322,0.5
384,1401,0.5
384,1522,0.5
384,1575,0.5
384,1585,0.5
384,1669,0.5
384,1815,0.5
384,1832,0.5
384,1961,0.5
384,1962,0.5
385,1158,1
385,1305,1
385,1376,1
385,1423,1
385,1905,1
386,525,1
386,1498,1
387,403,1
387,487,0.75
387,508,1
387,515,1
387,733,1
387,782,1
387,890,1
387,957,0.75
387,1029,0.75
387,1041,1
387,1068,0.75
387,1102,0.75
387,1136,0.75
387,1154,1
387,1404,0.75
387,1444,0.75
387,1507,0.75
387,1527,0.75
387,1597,0.75
387,1666,0.75
387,1689,0.75
387,1749,0.75
387,1802,1
387,1900,0.75
387,1914,0.75
387,1964,0.75
387,1974,1
387,1992,1
387,2024,0.75
389,1696,1
389,1906,1
391,962,0.666667
391,1938,1
399,1873,1
401,513,1
401,561,1
401,668,1
401,732,1
401,987,1
401,1087,1
401,1325,1
401,1372,1
401,1792,1
401,1871,1
401,1951,1
401,1972,1
401,1985,1
401,2003,1
402,410,0.75
402,456,0.5
402,510,0.75
402,520,0.75
402,584,0.75
402,598,0.75
402,604,0.75
402,649,0.75
402,716,0.75
402,722,0.75
402,736,0.75
402,826,0.75
402,840,0.75
402,851,0.75
402,872,0.75
402,902,1
402,938,0.75
402,954,0.75
402,960,0.75
402,963,0.75
402,998,0.75
402,1063,0.75
402,1083,0.75
402,1128,0.75
402,1143,0.5
402,1193,1
402,1197,0.666667
402,1238,0.75
402,1257,0.5
402,1268,0.75
402,1277,0.75
402,1290,0.75
402,1294,0.75
402,1330,0.75
402,1379,1
402,1408,0.75
402,1431,0.75
402,1439,0.75
402,1452,0.75
402,1466,1
402,1500,0.75
402,1521,0.75
402,1531,0.75
402,1577,0.75
402,1579,1
402,1586,0.75
402,1596,0.75
402,1607,0.75
402,1781,1
402,1790,0.75
402,1844,0.75
402,1853,1
402,1857,1
402,1873,0.5
402,1893,0.75
402,1926,0.75
402,1935,0.75
402,1941,0.75
402,1962,0.5
402,1973,1
402,1991,1
402,1994,1
402,1997,1
403,487,0.75
403,508,1
403,515,1
403,733,1
403,782,1
403,890,1
403,957,0.75
403,1029,0.75
403,1041,1
403,1068,0.75
403,1102,0.75
403,1136,0.75
403,1154,1
403,1404,0.75
403,1444,0.75
403,1507,0.75
403,1527,0.75
403,1597,0.75
403,1666,0.75
403,1689,0.75
403,1749,0.75
403,1802,1
403,1900,0.75
403,1914,0.75
403,1964,0.75
403,1974,1
403,1992,1
403,2024,0.75
409,411,0.5
409,418,0.5
409,452,0.5
409,456,0.5
409,464,0.5
409,557,0.5
409,640,0.666667
409,689,0.5
409,793,0.75
409,816,0.75
409,889,0.5
409,979,0.5
409,998,0.5
409,1018,0.5
409,1119,0.5
409,1178,0.75
409,1240,0.5
409,1322,0.5
409,1368,0.5
409,1429,0.5
409,1433,1
409,1575,0.5
409,1585,0.5
409,1586,0.5
409,1669,0.5
409,1742,1
409,1769,0.5
409,1791,0.5
409,1838,0.5
409,1962,0.5
409,1975,0.666667
409,1986,0.5
410,422,0.5
410,456,0.5
410,510,0.75
410,520,1
410,584,0.75
410,598,0.75
410,604,1
410,649,1
410,716,1
410,722,1
410,736,1
410,826,0.75
410,840,1
410,851,0.75
410,872,1
410,902,0.75
410,938,1
410,954,1
410,960,1
410,963,1
410,998,0.5
410,1063,1
410,1083,1
410,1128,1
410,1143,0.5
410,1193,0.75
410,1238,1
410,1257,0.5
410,1268,1
410,1277,1
410,1290,1
410,1294,1
410,1330,1
410,1379,0.75
410,1408,1
410,1431,1
410,1439,0.75
410,1452,1
410,1466,0.75
410,1500,1
410,1521,1
410,1531,1
410,1577,1
410,1579,0.75
410,1586,0.75
410,1596,1
410,1607,1
410,1781,0.75
410,1790,1
410,1844,0.75
410,1853,0.75
410,1854,1
410,1873,0.5
410,1893,1
410,1898,0.5
410,1926,1
410,1935,1
410,1941,1
410,1962,0.5
410,1973,0.75
410,1994,0.75
410,1997,0.75
410,2010,0.5
411,418,1
411,422,1
411,433,0.75
411,452,0.5
411,456,0.5
411,464,1
411,478,0.75
411,555,0.75
411,557,0.75
411,573,0.75
411,627,0.5
411,640,1
411,665,0.5
411,667,0.5
411,689,0.75
411,703,0.5
411,712,0.75
411,793,0.75
411,795,0.75
411,816,0.75
411,851,0.5
411,866,0.75
411,868,0.75
411,889,0.75
411,903,0.75
411,915,0.666667
411,964,0.75
411,977,0.5
411,979,0.75
411,998,0.5
411,1018,0.75
411,1072,0.75
411,1079,0.666667
411,1119,0.75
411,1134,0.75
411,1178,0.75
411,1213,0.75
411,1240,0.75
411,1276,0.75
411,1322,0.75
411,1368,0.75
411,1409,0.5
411,1429,0.75
411,1433,0.666667
411,1509,0.75
411,1575,0.75
411,1585,1
411,1662,1
411,1668,0.5
411,1669,0.75
411,1673,0.75
411,1742,0.666667
411,1766,1
411,1767,0.5
411,1769,0.5
411,1791,1
411,1815,1
411,1832,0.75
411,1838,0.75
411,1877,0.75
411,1910,1
411,1961,0.75
411,1962,0.5
411,1975,1
411,1986,1
411,2005,0.75
412,1668,1
413,1873,1
415,1668,1
417,803,1
417,1575,0.5
417,1585,0.5
418,422,1
418,433,0.75
418,449,0.5
418,452,0.5
418,456,0.5
418,462,0.5
418,464,1
418,478,0.75
418,555,0.75
418,557,0.75
418,573,0.75
418,627,0.5
418,640,1
418,667,0.5
418,689,0.75
418,703,0.5
418,712,0.75
418,793,0.75
418,795,0.75
418,816,0.75
418,851,0.5
418,863,0.5
418,866,0.75
418,868,0.75
418,889,0.75
418,903,0.75
418,915,0.666667
418,964,0.75
418,977,0.5
418,979,0.75
418,998,0.5
418,1010,1
418,1018,0.75
418,1072,0.75
418,1079,0.666667
418,1080,0.75
418,1099,0.5
418,1119,0.75
418,1134,0.75
418,1178,0.75
418,1190,0.75
418,1213,0.75
418,1240,0.75
418,1276,0.75
418,1286,1
418,1322,0.75
418,1368,0.75
418,1401,0.75
418,1409,0.5
418,1429,0.75
418,1433,0.666667
418,1485,1
418,1509,0.75
418,1522,0.75
418,1575,0.75
418,1585,1
418,1618,1
418,1628,0.75
418,1662,1
418,1668,0.5
418,1669,0.75
418,1673,0.75
418,1717,0.666667
418,1742,0.666667
418,1750,0.75
418,1766,1
418,1767,0.5
418,1769,0.5
418,1791,1
418,1815,1
418,1832,0.75
418,1838,0.75
418,1875,0.5
418,1877,0.75
418,1910,1
418,1918,0.75
418,1961,0.75
418,1962,0.5
418,1975,1
418,1986,1
418,2000,0.666667
418,2005,0.75
419,1873,1
422,452,0.5
422,456,1
422,464,1
422,478,1
422,510,0.5
422,555,1
422,557,1
422,573,1
422,627,1
422,666,0.5
422,689,1
422,795,1
422,826,0.5
422,868,1
422,903,1
422,998,1
422,1119,1
422,1240,1
422,1257,0.5
422,1276,1
422,1368,1
422,1429,1
422,1509,1
422,1575,1
422,1585,1
422,1618,1
422,1628,1
422,1668,0.5
422,1669,1
422,1673,1
422,1791,1
422,1873,0.5
422,1918,1
422,1962,1
422,1986,1
422,2026,0.5
423,452,0.5
423,568,1
424,452,0.5
424,1038,1
428,1252,1
429,1158,0.666667
429,1194,1
429,1376,0.666667
429,1443,1
429,1980,1
433,452,0.5
433,456,0.5
433,478,0.75
433,555,0.75
433,557,0.75
433,573,0.75
433,627,0.75
433,665,0.5
433,667,0.5
433,712,0.75
433,795,1
433,866,0.75
433,868,0.75
433,889,0.75
433,903,0.75
433,915,0.666667
433,964,0.75
433,977,0.75
433,998,0.5
433,1018,1
433,1072,1
433,1119,0.75
433,1134,0.75
433,1213,0.75
433,1226,0.5
433,1240,0.75
433,1276,1
433,1322,0.75
433,1368,1
433,1401,1
433,1429,0.75
433,1575,0.75
433,1585,0.75
433,1618,1
433,1628,0.75
433,1668,0.5
433,1669,0.75
433,1673,0.75
433,1750,0.75
433,1766,1
433,1791,0.75
433,1815,1
433,1832,0.75
433,1838,0.75
433,1855,0.5
433,1877,0.75
433,1961,0.75
433,1962,0.5
433,1986,0.75
433,2005,0.75
435,461,1
435,1060,1
435,1800,1
439,1257,0.5
439,1767,0.5
439,1873,0.5
439,1929,1
440,1628,1
441,1873,1
442,690,0.666667
442,865,1
442,982,1
442,1286,0.5
442,1918,0.666667
442,2026,1
447,1668,1
448,729,1
448,766,1
448,1123,1
448,1499,1
448,1772,1
448,1812,1
449,456,0.5
449,462,0.5
449,464,0.5
449,478,0.75
449,538,0.5
449,555,0.5
449,557,0.5
449,573,0.5
449,667,1
449,689,0.5
449,717,0.5
449,863,0.5
449,866,0.5
449,903,0.5
449,998,0.5
449,1010,0.666667
449,1051,0.75
449,1072,0.5
449,1079,1
449,1119,0.75
449,1240,0.5
449,1257,0.5
449,1322,0.5
449,1429,0.5
449,1509,0.75
449,1522,0.5
449,1575,0.75
449,1585,0.5
449,1648,1
449,1669,0.5
449,1750,0.5
449,1767,0.5
449,1791,0.5
449,1829,0.75
449,1832,0.75
449,1838,0.5
449,1877,0.75
449,1918,0.5
449,1961,0.75
449,1962,0.75
449,1986,0.5
449,2005,0.5
450,1873,1
452,464,0.5
452,478,0.5
452,555,0.5
452,557,0.5
452,568,0.5
452,573,0.5
452,640,0.666667
452,689,0.5
452,712,0.5
452,795,0.5
452,798,1
452,866,0.5
452,868,0.5
452,889,0.5
452,903,0.5
452,927,1
452,964,0.5
452,979,0.5
452,1018,0.5
452,1022,1
452,1072,0.5
452,1119,0.5
452,1134,0.5
452,1191,0.5
452,1213,0.5
452,1240,0.5
452,1276,0.5
452,1286,0.666667
452,1322,0.5
452,1362,1
452,1368,0.5
452,1401,0.5
452,1429,0.5
452,1509,0.5
452,1525,1
452,1575,0.5
452,1585,0.5
452,1586,0.5
452,1618,0.666667
452,1628,0.5
452,1662,0.666667
452,1668,0.5
452,1669,0.5
452,1673,0.5
452,1716,1
452,1750,0.5
452,1791,0.5
452,1815,0.666667
452,1832,0.5
452,1838,0.5
452,1877,0.5
452,1918,0.5
452,1954,0.5
452,1961,0.5
452,1975,0.666667
452,1986,0.5
454,1668,1
456,462,0.5
456,464,0.5
456,478,0.5
456,510,0.5
456,520,0.5
456,555,0.5
456,557,0.5
456,573,0.75
456,584,0.5
456,598,0.5
456,604,0.5
456,627,0.5
456,640,0.666667
456,649,0.5
456,665,0.5
456,689,0.5
456,710,1
456,712,0.5
456,716,0.5
456,722,0.5
456,736,0.5
456,793,0.5
456,795,0.5
456,816,0.5
456,826,0.75
456,840,0.5
456,851,0.5
456,863,0.5
456,866,0.75
456,868,0.75
456,872,0.5
456,889,0.75
456,898,0.5
456,902,0.5
456,903,0.5
456,915,1
456,938,0.5
456,954,0.5
456,960,0.5
456,963,0.5
456,964,0.75
456,977,0.5
456,979,0.5
456,998,0.75
456,1010,0.666667
456,1018,0.5
456,1063,0.5
456,1072,0.5
456,1079,0.666667
456,1080,0.5
456,1083,0.5
456,1099,0.5
456,1119,0.5
456,1128,0.5
456,1134,0.75
456,1178,0.5
456,1190,0.5
456,1193,0.5
456,1213,0.75
456,1238,0.5
456,1240,0.5
456,1257,0.5
456,1268,0.5
456,1276,0.5
456,1277,0.5
456,1286,0.666667
456,1290,0.5
456,1294,0.5
456,1322,0.75
456,1330,0.5
456,1368,0.5
456,1379,0.5
456,1381,0.666667
456,1401,0.5
456,1408,0.5
456,1429,0.5
456,1431,0.5
456,1433,0.666667
456,1439,0.75
456,1452,0.5
456,1466,0.5
456,1485,0.666667
456,1500,0.5
456,1509,0.5
456,1521,0.5
456,1522,0.5
456,1531,0.5
456,1546,0.5
456,1575,0.5
456,1577,0.5
456,1579,0.5
456,1585,0.5
456,1586,0.5
456,1596,0.5
456,1607,0.5
456,1618,0.666667
456,1628,0.5
456,1662,0.666667
456,1669,0.5
456,1673,0.5
456,1717,0.666667
456,1742,0.666667
456,1750,0.5
456,1766,0.666667
456,1781,0.5
456,1790,0.5
456,1791,0.5
456,1815,0.666667
456,1832,0.5
456,1838,0.5
456,1844,0.75
456,1853,0.5
456,1873,0.5
456,1875,0.5
456,1877,0.5
456,1893,0.5
456,1918,0.5
456,1926,0.5
456,1935,0.5
456,1941,0.5
456,1961,0.5
456,1962,0.75
456,1973,0.5
456,1975,0.666667
456,1986,0.5
456,1994,0.5
456,1997,0.5
456,2000,0.666667
456,2005,0.75
458,1207,1
461,1800,1
462,464,0.5
462,555,0.5
462,557,0.5
462,568,0.5
462,573,0.5
462,689,0.5
462,863,1
462,866,0.5
462,903,0.5
462,998,0.5
462,1072,0.5
462,1119,0.5
462,1240,0.5
462,1429,0.5
462,1509,0.5
462,1522,0.5
462,1585,0.5
462,1669,0.5
462,1750,0.5
462,1791,0.5
462,1838,0.5
462,1877,0.5
462,1918,0.5
462,1962,0.5
462,1986,0.5
462,2005,0.5
464,478,0.75
464,555,0.75
464,557,0.75
464,573,0.75
464,627,0.5
464,640,1
464,667,0.5
464,689,0.75
464,703,0.5
464,712,0.75
464,793,0.75
464,795,0.75
464,816,0.75
464,851,0.5
464,863,0.5
464,866,0.75
464,889,0.75
464,903,0.75
464,964,0.75
464,979,0.75
464,998,0.5
464,1010,1
464,1018,0.75
464,1072,0.75
464,1079,0.666667
464,1080,0.75
464,1099,0.5
464,1119,0.75
464,1134,0.75
464,1178,0.75
464,1190,0.75
464,1213,0.75
464,1240,0.75
464,1276,0.75
464,1286,1
464,1322,0.75
464,1368,0.75
464,1409,0.5
464,1429,0.75
464,1433,0.666667
464,1485,1
464,1509,0.75
464,1522,0.75
464,1575,0.75
464,1585,1
464,1618,1
464,1628,0.75
464,1662,1
464,1668,0.5
464,1669,0.75
464,1673,0.75
464,1717,0.666667
464,1742,0.666667
464,1750,0.75
464,1766,1
464,1767,0.5
464,1769,0.5
464,1791,1
464,1815,1
464,1832,0.75
464,1838,0.75
464,1875,0.5
464,1877,0.75
464,1918,0.75
464,1961,0.75
464,1962,0.5
464,1975,1
464,1986,1
464,2000,0.666667
464,2005,0.75
464,2026,0.5
465,1186,1
465,1364,1
465,1371,1
465,1388,1
465,1905,0.666667
465,2026,0.5
475,701,1
475,729,1
475,854,1
475,1549,0.5
475,1747,0.5
475,1875,0.5
476,1668,1
478,555,0.75
478,557,0.75
478,573,0.75
478,627,0.5
478,667,0.75
478,689,0.75
478,703,0.5
478,795,0.75
478,903,0.75
478,964,0.75
478,977,0.5
478,979,0.75
478,998,0.5
478,1010,1
478,1018,0.75
478,1051,0.5
478,1072,0.75
478,1079,0.666667
478,1080,0.75
478,1099,0.5
478,1119,1
478,1134,0.75
478,1190,0.75
478,1240,0.75
478,1257,0.5
478,1276,0.75
478,1322,0.75
478,1368,0.75
478,1401,0.75
478,1409,0.5
478,1429,0.75
478,1485,1
478,1509,1
478,1522,0.75
478,1575,1
478,1585,0.75
478,1618,1
478,1628,0.75
478,1648,0.666667
478,1662,1
478,1668,0.5
478,1669,0.75
478,1673,0.75
478,1717,0.666667
478,1750,0.75
478,1766,1
478,1791,0.75
478,1815,1
478,1829,0.5
478,1832,1
478,1838,0.75
478,1877,1
478,1918,0.75
478,1961,1
478,1962,0.75
478,1975,1
478,1986,0.75
478,2000,0.666667
478,2005,0.75
479,546,1
479,807,1
479,1112,1
479,1837,1
485,1668,1
486,1880,1
487,508,0.75
487,515,0.75
487,733,0.75
487,782,0.75
487,890,0.75
487,957,1
487,1041,0.75
487,1068,1
487,1102,1
487,1154,0.75
487,1404,1
487,1444,1
487,1527,1
487,1666,1
487,1802,0.75
487,1974,0.75
487,1992,0.75
487,2024,1
491,602,1
491,831,1
491,852,1
491,1257,0.5
491,1705,1
491,1873,0.5
501,1033,1
501,1873,0.5
503,1668,1
507,712,0.5
507,727,1
507,1392,1
507,1549,1
508,515,1
508,733,1
508,782,1
508,890,1
508,957,0.75
508,1029,0.75
508,1041,1
508,1068,0.75
508,1102,0.75
508,1136,0.75
508,1154,1
508,1404,0.75
508,1444,0.75
508,1507,0.75
508,1527,0.75
508,1597,0.75
508,1666,0.75
508,1689,0.75
508,1749,0.75
508,1802,1
508,1900,0.75
508,1914,0.75
508,1964,0.75
508,1974,1
508,1992,1
508,2024,0.75
510,520,0.75
510,555,0.5
510,557,0.5
510,584,1
510,598,1
510,604,0.75
510,649,0.75
510,689,0.5
510,716,0.75
510,722,0.75
510,736,0.75
510,755,0.5
510,815,1
510,826,0.75
510,840,0.75
510,851,0.75
510,862,1
510,872,0.75
510,897,0.5
510,902,0.75
510,938,0.75
510,954,0.75
510,960,0.75
510,963,0.75
510,991,1
510,998,0.5
510,1063,0.75
510,1083,0.75
510,1128,0.75
510,1143,0.5
510,1193,0.75
510,1238,0.75
510,1240,0.5
510,1257,0.5
510,1268,0.75
510,1275,1
510,1277,0.75
510,1290,0.75
510,1294,0.75
510,1308,1
510,1330,0.75
510,1379,0.75
510,1408,0.75
510,1429,0.5
510,1431,0.75
510,1439,0.75
510,1452,0.75
510,1466,0.75
510,1500,0.75
510,1521,0.75
510,1522,0.5
510,1531,0.75
510,1577,0.75
510,1579,0.75
510,1586,0.75
510,1596,0.75
510,1607,0.75
510,1669,0.5
510,1673,0.5
510,1781,0.75
510,1790,0.75
510,1838,0.5
510,1844,0.75
510,1853,0.75
510,1873,0.5
510,1893,0.75
510,1898,0.5
510,1926,0.75
510,1935,0.75
510,1941,0.75
510,1959,1
510,1962,0.5
510,1973,0.75
510,1994,0.75
510,1997,0.75
510,2010,0.5
512,832,1
512,1873,0.5
513,561,1
513,668,1
513,732,1
513,987,1
513,1087,1
513,1325,1
513,1372,1
513,1792,1
513,1871,1
513,1951,1
513,1972,1
513,1985,1
513,2003,1
515,733,1
515,782,1
515,890,1
515,957,0.75
515,1029,0.75
515,1041,1
515,1068,0.75
515,1102,0.75
515,1136,0.75
515,1154,1
515,1404,0.75
515,1444,0.75
515,1507,0.75
515,1527,0.75
515,1597,0.75
515,1666,0.75
515,1689,0.75
515,1749,0.75
515,1802,1
515,1900,0.75
515,1914,0.75
515,1964,0.75
515,1974,1
515,1992,1
515,2024,0.75
517,1873,1
518,696,1
520,584,0.75
520,598,0.75
520,604,1
520,649,1
520,716,1
520,722,1
520,736,1
520,826,0.75
520,840,1
520,851,0.75
520,872,1
520,902,0.75
520,938,1
520,954,1
520,960,1
520,963,1
520,998,0.5
520,1063,1
520,1083,1
520,1128,1
520,1193,0.75
520,1238,1
520,1257,0.5
520,1268,1
520,1277,1
520,1290,1
520,1294,1
520,1330,1
520,1379,0.75
520,1408,1
520,1431,1
520,1439,0.75
520,1452,1
520,1466,0.75
520,1500,1
520,1521,1
520,1531,1
520,1577,1
520,1579,0.75
520,1586,0.75
520,1596,1
520,1607,1
520,1781,0.75
520,1790,1
520,1844,0.75
520,1853,0.75
520,1873,0.5
520,1893,1
520,1926,1
520,1935,1
520,1941,1
520,1962,0.5
520,1973,0.75
520,1994,0.75
520,1997,0.75
523,1873,0.5
523,1932,1
524,1668,1
525,1498,1
528,1875,1
529,1668,1
534,538,0.666667
534,686,1
534,828,1
534,1562,1
534,1684,0.5
534,1705,1
534,1726,1
534,1767,0.666667
535,851,0.5
535,1268,0.5
535,1277,0.5
535,1521,0.5
535,1586,0.5
535,1672,1
535,1843,1
535,1898,1
535,1973,0.5
535,1997,0.5
536,1668,1
538,583,0.75
538,667,0.5
538,703,0.5
538,828,0.75
538,917,0.75
538,1051,0.5
538,1079,0.666667
538,1409,0.5
538,1425,0.666667
538,1562,0.75
538,1648,0.666667
538,1726,0.5
538,1829,0.5
538,1949,0.666667
538,2011,0.666667
541,1537,1
546,807,1
546,1112,1
546,1772,1
546,1837,1
551,1668,1
552,1143,1
555,557,1
555,573,0.75
555,584,0.5
555,598,0.5
555,627,0.5
555,640,1
555,665,0.5
555,667,0.5
555,689,1
555,712,0.75
555,795,0.75
555,863,0.5
555,866,0.75
555,868,0.75
555,889,0.75
555,903,0.75
555,915,0.666667
555,964,0.75
555,977,0.5
555,998,0.5
555,1010,1
555,1018,0.75
555,1072,0.75
555,1079,0.666667
555,1080,0.75
555,1119,0.75
555,1134,0.75
555,1190,0.75
555,1213,0.75
555,1240,1
555,1276,0.75
555,1286,1
555,1322,0.75
555,1368,0.75
555,1401,0.75
555,1429,1
555,1485,1
555,1509,0.75
555,1522,1
555,1575,0.75
555,1585,0.75
555,1618,1
555,1628,0.75
555,1662,1
555,1668,0.5
555,1669,1
555,1673,1
555,1730,0.666667
555,1750,0.75
555,1766,1
555,1791,0.75
555,1815,1
555,1832,0.75
555,1838,1
555,1875,0.5
555,1877,0.75
555,1918,0.75
555,1961,0.75
555,1962,0.5
555,1975,1
555,1986,0.75
555,2005,0.75
557,573,0.75
557,584,0.5
557,598,0.5
557,627,0.5
557,640,1
557,665,0.5
557,667,0.5
557,689,1
557,712,0.75
557,793,0.5
557,795,0.75
557,816,0.5
557,863,0.5
557,866,0.75
557,868,0.75
557,889,0.75
557,903,0.75
557,915,0.666667
557,964,0.75
557,977,0.5
557,979,0.75
557,998,0.5
557,1010,1
557,1018,0.75
557,1072,0.75
557,1079,0.666667
557,1080,0.75
557,1119,0.75
557,1134,0.75
557,1178,0.5
557,1190,0.75
557,1213,0.75
557,1240,1
557,1276,0.75
557,1286,1
557,1322,0.75
557,1368,0.75
557,1401,0.75
557,1429,1
557,1433,0.666667
557,1485,1
557,1509,0.75
557,1522,1
557,1575,0.75
557,1585,0.75
557,1618,1
557,1628,0.75
557,1662,1
557,1668,0.5
557,1669,1
557,1673,1
557,1730,0.666667
557,1742,0.666667
557,1750,0.75
557,1766,1
557,1791,0.75
557,1815,1
557,1832,0.75
557,1838,1
557,1875,0.5
557,1877,0.75
557,1918,0.75
557,1961,0.75
557,1962,0.5
557,1975,1
557,1986,0.75
557,2005,0.75
558,1873,1
561,668,1
561,732,1
561,987,1
561,1087,1
561,1325,1
561,1372,1
561,1792,1
561,1871,1
561,1951,1
561,1972,1
561,1985,1
561,2003,1
564,1873,1
571,896,1
571,1069,1
571,1157,1
573,627,0.5
573,665,0.5
573,689,0.75
573,712,0.75
573,717,0.5
573,795,0.75
573,826,0.5
573,863,0.5
573,866,1
573,868,1
573,889,1
573,903,0.75
573,915,1
573,964,1
573,977,0.5
573,979,0.75
573,998,0.5
573,1010,1
573,1018,0.75
573,1072,0.75
573,1079,0.666667
573,1080,0.75
573,1099,0.5
573,1119,0.75
573,1134,1
573,1190,0.75
573,1213,1
573,1240,0.75
573,1276,0.75
573,1322,1
573,1368,0.75
573,1381,0.666667
573,1401,0.75
573,1429,0.75
573,1439,0.5
573,1485,1
573,1509,0.75
573,1522,0.75
573,1575,0.75
573,1585,0.75
573,1618,1
573,1628,0.75
573,1662,1
573,1668,0.5
573,1669,0.75
573,1673,0.75
573,1717,0.666667
573,1750,0.75
573,1766,1
573,1791,0.75
573,1815,1
573,1832,0.75
573,1838,0.75
573,1844,0.5
573,1877,0.75
573,1918,0.75
573,1961,0.75
573,1962,0.5
573,1975,1
573,1986,0.75
573,2000,0.666667
573,2005,1
575,1535,1
575,1549,0.5
577,868,1
578,828,1
578,1257,1
578,1767,1
578,1873,1
579,1257,1
579,1873,1
580,1668,1
583,828,1
583,917,1
583,1562,1
584,598,1
584,604,0.75
584,649,0.75
584,689,0.5
584,716,0.75
584,722,0.75
584,736,0.75
584,826,0.75
584,840,0.75
584,851,0.75
584,872,0.75
584,902,0.75
584,938,0.75
584,954,0.75
584,960,0.75
584,963,0.75
584,998,0.5
584,1063,0.75
584,1083,0.75
584,1128,0.75
584,1143,0.5
584,1193,0.75
584,1238,0.75
584,1240,0.5
584,1257,0.5
584,1268,0.75
584,1277,0.75
584,1290,0.75
584,1294,0.75
584,1330,0.75
584,1379,0.75
584,1408,0.75
584,1429,0.5
584,1431,0.75
584,1439,0.75
584,1452,0.75
584,1466,0.75
584,1500,0.75
584,1521,0.75
584,1522,0.5
584,1531,0.75
584,1577,0.75
584,1579,0.75
584,1586,0.75
584,1596,0.75
584,1607,0.75
584,1669,0.5
584,1673,0.5
584,1781,0.75
584,1790,0.75
584,1838,0.5
584,1844,0.75
584,1853,0.75
584,1873,0.5
584,1893,0.75
584,1898,0.5
584,1926,0.75
584,1935,0.75
584,1941,0.75
584,1962,0.5
584,1973,0.75
584,1994,0.75
584,1997,0.75
584,2010,0.5
585,1257,0.5
585,1643,1
586,1243,1
586,1873,0.5
588,894,1
588,2015,1
591,1472,1
593,1873,1
596,1668,1
598,604,0.75
598,649,0.75
598,689,0.5
598,716,0.75
598,722,0.75
598,736,0.75
598,826,0.75
598,840,0.75
598,851,0.75
598,872,0.75
598,902,0.75
598,938,0.75
598,954,0.75
598,960,0.75
598,963,0.75
598,998,0.5
598,1063,0.75
598,1083,0.75
598,1128,0.75
598,1193,0.75
598,1238,0.75
598,1240,0.5
598,1257,0.5
598,1268,0.75
598,1277,0.75
598,1290,0.75
598,1294,0.75
598,1330,0.75
598,1379,0.75
598,1408,0.75
598,1429,0.5
598,1431,0.75
598,1439,0.75
598,1452,0.75
598,1466,0.75
598,1500,0.75
598,1521,0.75
598,1522,0.5
598,1531,0.75
598,1577,0.75
598,1579,0.75
598,1586,0.75
598,1596,0.75
598,1607,0.75
598,1669,0.5
598,1673,0.5
598,1781,0.75
598,1790,0.75
598,1838,0.5
598,1844,0.75
598,1853,0.75
598,1873,0.5
598,1893,0.75
598,1926,0.75
598,1935,0.75
598,1941,0.75
598,1962,0.5
598,1973,0.75
598,1994,0.75
598,1997,0.75
599,1668,1
601,1787,1
602,831,1
602,852,1
602,1130,1
602,1302,1
602,1705,1
604,649,1
604,716,1
604,722,1
604,736,1
604,826,0.75
604,840,1
604,851,0.75
604,872,1
604,902,0.75
604,938,1
604,954,1
604,960,1
604,963,1
604,998,0.5
604,1063,1
604,1083,1
604,1128,1
604,1143,0.5
604,1193,0.75
604,1238,1
604,1257,0.5
604,1268,1
604,1277,1
604,1290,1
604,1294,1
604,1330,1
604,1379,0.75
604,1408,1
604,1431,1
604,1439,0.75
604,1452,1
604,1466,0.75
604,1500,1
604,1521,1
604,1531,1
604,1577,1
604,1579,0.75
604,1586,0.75
604,1596,1
604,1607,1
604,1781,0.75
604,1790,1
604,1844,0.75
604,1853,0.75
604,1873,0.5
604,1893,1
604,1926,1
604,1935,1
604,1941,1
604,1962,0.5
604,1973,0.75
604,1994,0.75
604,1997,0.75
610,1668,1
611,1668,1
613,1873,1
614,1257,1
614,1873,1
615,1951,1
616,1873,1
619,731,1
619,1637,1
619,1767,0.5
622,1668,1
625,1257,0.5
625,1873,0.5
626,1143,1
626,1452,1
627,667,0.75
627,689,0.5
627,795,0.75
627,903,0.5
627,977,1
627,982,0.5
627,998,0.5
627,1010,0.666667
627,1018,0.75
627,1072,0.75
627,1119,0.5
627,1226,0.75
627,1240,0.5
627,1276,0.75
627,1368,0.75
627,1401,0.75
627,1429,0.5
627,1509,0.5
627,1575,0.5
627,1585,0.5
627,1669,0.5
627,1673,0.5
627,1767,0.5
627,1791,0.5
627,1855,0.75
627,1962,0.5
627,1986,0.5
629,701,0.5
629,712,0.5
629,868,0.5
629,1123,0.5
629,1276,0.5
629,1286,0.5
629,1365,1
629,1522,0.5
629,1618,0.5
629,1628,0.5
629,1875,1
629,2026,0.5
630,1511,1
632,1148,1
633,1668,1
638,1873,1
640,689,1
640,793,0.666667
640,816,0.666667
640,889,1
640,903,1
640,979,1
640,998,0.666667
640,1010,1
640,1018,1
640,1072,1
640,1080,1
640,1119,1
640,1178,0.666667
640,1190,1
640,1213,1
640,1240,1
640,1286,1
640,1322,1
640,1368,1
640,1429,1
640,1433,0.666667
640,1485,1
640,1509,1
640,1575,1
640,1585,1
640,1662,1
640,1668,0.666667
640,1669,1
640,1742,0.666667
640,1750,1
640,1791,1
640,1838,1
640,1875,0.5
640,1962,0.666667
640,1975,1
640,1986,1
640,2005,1
643,1668,1
649,716,1
649,722,1
649,736,1
649,826,0.75
649,840,1
649,851,0.75
649,872,1
649,902,0.75
649,938,1
649,954,1
649,960,1
649,963,1
649,998,0.5
649,1063,1
649,1083,1
649,1128,1
649,1193,0.75
649,1238,1
649,1257,0.5
649,1268,1
649,1277,1
649,1290,1
649,1294,1
649,1330,1
649,1379,0.75
649,1408,1
649,1431,1
649,1439,0.75
649,1452,1
649,1466,0.75
649,1500,1
649,1521,1
649,1531,1
649,1577,1
649,1579,0.75
649,1586,0.75
649,1596,1
649,1607,1
649,1781,0.75
649,1790,1
649,1844,0.75
649,1853,0.75
649,1873,0.5
649,1893,1
649,1926,1
649,1935,1
649,1941,1
649,1962,0.5
649,1973,0.75
649,1994,0.75
649,1997,0.75
651,1668,1
652,737,1
652,1143,0.5
652,1902,1
653,1873,1
655,1143,1
655,1193,1
655,1500,1
657,1257,0.5
657,1414,1
657,1705,0.5
658,1668,1
661,1668,1
663,1873,1
664,873,1
664,1023,1
664,1620,1
665,712,0.5
665,795,0.5
665,866,0.5
665,868,0.5
665,903,0.5
665,915,0.5
665,964,0.5
665,998,0.5
665,1119,0.5
665,1134,0.5
665,1213,0.5
665,1240,0.5
665,1322,0.5
665,1575,0.5
665,1585,0.5
665,1651,1
665,1669,0.5
665,1766,0.5
665,1815,0.5
665,1832,0.5
665,1961,0.5
665,1962,0.5
666,1276,0.5
666,1628,0.5
667,703,0.5
667,795,0.5
667,964,0.5
667,977,0.75
667,982,0.5
667,1018,0.5
667,1051,0.75
667,1072,0.5
667,1119,0.75
667,1213,0.5
667,1226,0.5
667,1240,0.5
667,1257,0.5
667,1276,0.5
667,1322,0.5
667,1368,0.5
667,1401,0.5
667,1429,0.5
667,1509,0.75
667,1575,0.75
667,1585,0.5
667,1648,1
667,1662,0.666667
667,1673,0.5
667,1767,0.5
667,1791,0.5
667,1829,0.75
667,1832,0.75
667,1855,0.5
667,1877,0.75
667,1949,0.666667
667,1961,0.75
667,1962,0.75
667,1975,0.666667
667,1986,0.5
667,2011,0.666667
668,732,1
668,987,1
668,1087,1
668,1325,1
668,1372,1
668,1792,1
668,1871,1
668,1951,1
668,1972,1
668,1985,1
668,2003,1
670,830,1
671,1873,1
673,1668,1
682,1257,0.5
682,1398,1
682,1873,0.5
685,1873,1
686,828,1
689,712,0.75
689,793,0.5
689,795,0.75
689,816,0.5
689,863,0.5
689,866,0.75
689,889,0.75
689,903,0.75
689,979,0.75
689,998,0.5
689,1010,1
689,1018,0.75
689,1072,0.75
689,1079,0.666667
689,1080,0.75
689,1099,0.5
689,1119,0.75
689,1134,0.75
689,1178,0.5
689,1190,0.75
689,1213,0.75
689,1240,1
689,1276,0.75
689,1286,1
689,1322,0.75
689,1368,0.75
689,1429,1
689,1433,0.666667
689,1485,1
689,1509,0.75
689,1522,1
689,1575,0.75
689,1585,0.75
689,1618,1
689,1628,0.75
689,1662,1
689,1668,0.5
689,1669,1
689,1673,1
689,1717,0.666667
689,1730,0.666667
689,1742,0.666667
689,1750,0.75
689,1766,1
689,1791,0.75
689,1815,1
689,1832,0.75
689,1838,1
689,1875,0.5
689,1877,0.75
689,1918,0.75
689,1962,0.5
689,1975,1
689,1986,0.75
689,2000,0.666667
689,2005,0.75
690,701,0.5
690,854,0.5
690,865,0.666667
690,982,0.666667
690,1880,0.5
690,2026,0.5
691,1873,1
694,1580,1
697,1873,1
700,1873,1
701,894,1
701,992,0.5
701,1158,0.5
701,1951,0.5
703,964,0.5
703,998,0.5
703,1051,1
703,1322,0.5
703,1409,1
703,1509,0.5
703,1575,0.5
703,1585,0.5
703,1662,0.5
703,1791,0.5
703,1829,1
703,1832,0.5
703,1877,0.5
703,1961,0.5
703,1962,0.5
703,1975,0.5
703,1986,0.5
710,998,1
712,795,0.75
712,816,0.5
712,866,0.75
712,868,0.75
712,889,0.75
712,903,0.75
712,915,0.666667
712,964,0.75
712,977,0.5
712,998,0.5
712,1018,0.75
712,1119,0.75
712,1134,0.75
712,1213,0.75
712,1240,0.75
712,1276,0.75
712,1286,1
712,1322,0.75
712,1365,1
712,1429,0.75
712,1494,1
712,1509,0.75
712,1522,0.75
712,1575,0.75
712,1585,0.75
712,1618,1
712,1628,0.75
712,1668,0.5
712,1669,0.75
712,1673,0.75
712,1717,0.666667
712,1769,0.5
712,1815,1
712,1832,0.75
712,1838,0.75
712,1875,0.5
712,1877,0.75
712,1918,0.75
712,1961,0.75
712,1962,0.5
712,1986,0.75
712,2005,0.75
712,2026,0.5
716,722,1
716,736,1
716,826,0.75
716,840,1
716,851,0.75
716,872,1
716,902,0.75
716,938,1
716,954,1
716,960,1
716,963,1
716,998,0.5
716,1063,1
716,1083,1
716,1128,1
716,1193,0.75
716,1238,1
716,1257,0.5
716,1268,1
716,1277,1
716,1290,1
716,1294,1
716,1330,1
716,1379,0.75
716,1408,1
716,1431,1
716,1439,0.75
716,1452,1
716,1466,0.75
716,1500,1
716,1521,1
716,1531,1
716,1577,1
716,1579,0.75
716,1586,0.75
716,1596,1
716,1607,1
716,1781,0.75
716,1790,1
716,1844,0.75
716,1853,0.75
716,1873,0.5
716,1893,1
716,1926,1
716,1935,1
716,1941,1
716,1962,0.5
716,1973,0.75
716,1994,0.75
716,1997,0.75
717,1485,0.5
717,1585,0.5
717,1750,0.5
717,1832,0.5
717,1838,0.5
721,1668,1
722,736,1
722,826,0.75
722,840,1
722,851,0.75
722,872,1
722,902,0.75
722,938,1
722,954,1
722,960,1
722,963,1
722,998,0.5
722,1063,1
722,1083,1
722,1128,1
722,1143,0.5
722,1193,0.75
722,1238,1
722,1257,0.5
722,1268,1
722,1277,1
722,1290,1
722,1294,1
722,1330,1
722,1379,0.75
722,1408,1
722,1431,1
722,1439,0.75
722,1452,1
722,1466,0.75
722,1500,1
722,1521,1
722,1531,1
722,1577,1
722,1579,0.75
722,1586,0.75
722,1596,1
722,1607,1
722,1781,0.75
722,1790,1
722,1844,0.75
722,1853,0.75
722,1873,0.5
722,1893,1
722,1926,1
722,1935,1
722,1941,1
722,1962,0.5
722,1973,0.75
722,1991,1
722,1994,0.75
722,1997,0.75
723,1873,1
724,1257,1
724,1873,1
727,990,1
727,997,1
727,1057,1
727,1148,0.5
727,1158,0.75
727,1392,1
727,1549,1
729,854,1
729,1231,1
729,1348,1
729,1499,1
730,1873,1
731,823,1
731,1257,0.5
731,1767,0.5
731,1873,0.5
732,987,1
732,1087,1
732,1325,1
732,1372,1
732,1792,1
732,1871,1
732,1951,1
732,1972,1
732,1985,1
732,2003,1
733,782,1
733,890,1
733,957,0.75
733,1029,0.75
733,1041,1
733,1068,0.75
733,1102,0.75
733,1136,0.75
733,1154,1
733,1404,0.75
733,1444,0.75
733,1507,0.75
733,1527,0.75
733,1597,0.75
733,1666,0.75
733,1689,0.75
733,1749,0.75
733,1802,1
733,1900,0.75
733,1914,0.75
733,1964,0.75
733,1974,1
733,1992,1
733,2024,0.75
734,828,0.5
734,1548,1
734,1873,0.5
736,826,0.75
736,840,1
736,851,0.75
736,872,1
736,902,0.75
736,938,1
736,954,1
736,960,1
736,963,1
736,998,0.5
736,1063,1
736,1083,1
736,1128,1
736,1143,0.5
736,1193,0.75
736,1238,1
736,1257,0.5
736,1268,1
736,1277,1
736,1290,1
736,1294,1
736,1330,1
736,1379,0.75
736,1408,1
736,1431,1
736,1439,0.75
736,1452,1
736,1466,0.75
736,1500,1
736,1521,1
736,1531,1
736,1577,1
736,1579,0.75
736,1586,0.75
736,1596,1
736,1607,1
736,1781,0.75
736,1790,1
736,1844,0.75
736,1853,0.75
736,1873,0.5
736,1893,1
736,1926,1
736,1935,1
736,1941,1
736,1962,0.5
736,1973,0.75
736,1994,0.75
736,1997,0.75
737,1143,0.5
737,1902,1
741,1668,1
748,1668,1
749,1668,1
750,1892,1
750,2002,1
751,1668,1
756,1439,1
757,1668,1
766,1123,1
766,1158,0.5
766,1376,0.5
767,1668,1
769,1668,1
770,1873,1
779,1886,1
779,1906,1
782,890,1
782,957,0.75
782,1029,0.75
782,1041,1
782,1068,0.75
782,1102,0.75
782,1136,0.75
782,1154,1
782,1404,0.75
782,1444,0.75
782,1507,0.75
782,1527,0.75
782,1597,0.75
782,1666,0.75
782,1689,0.75
782,1749,0.75
782,1802,1
782,1900,0.75
782,1914,0.75
782,1964,0.75
782,1974,1
782,1992,1
782,2024,0.75
790,1668,1
793,805,1
793,816,1
793,851,0.5
793,889,0.5
793,979,0.5
793,998,0.5
793,1018,0.5
793,1079,0.666667
793,1119,0.5
793,1178,1
793,1240,0.5
793,1322,0.5
793,1368,0.5
793,1429,0.5
793,1433,1
793,1575,0.5
793,1585,0.75
793,1669,0.5
793,1742,1
793,1766,0.666667
793,1767,0.5
793,1769,0.5
793,1791,0.75
793,1838,0.5
793,1910,1
793,1962,0.5
793,1975,0.666667
793,1986,0.75
794,1252,1
794,1705,0.5
794,1873,0.5
795,866,0.75
795,868,0.75
795,889,0.75
795,903,0.75
795,915,0.666667
795,964,0.75
795,977,0.75
795,998,0.5
795,1018,1
795,1072,1
795,1079,0.666667
795,1119,0.75
795,1134,0.75
795,1213,0.75
795,1226,0.5
795,1240,0.75
795,1276,1
795,1322,0.75
795,1368,1
795,1401,1
795,1429,0.75
795,1509,0.75
795,1575,0.75
795,1585,0.75
795,1668,0.5
795,1669,0.75
795,1673,0.75
795,1791,0.75
795,1815,1
795,1832,0.75
795,1855,0.5
795,1961,0.75
795,1962,0.5
795,1986,0.75
795,2005,0.75
797,1357,1
803,1585,0.5
805,998,1
805,1079,1
807,1112,1
807,1837,1
812,1668,1
815,1277,1
816,851,0.5
816,889,0.5
816,979,0.5
816,998,0.5
816,1010,0.666667
816,1018,0.5
816,1119,0.5
816,1178,1
816,1240,0.5
816,1322,0.5
816,1368,0.5
816,1429,0.5
816,1433,1
816,1575,0.5
816,1585,0.75
816,1669,0.5
816,1717,0.666667
816,1742,1
816,1750,0.5
816,1767,0.5
816,1769,0.5
816,1791,0.75
816,1806,1
816,1838,0.5
816,1962,0.5
816,1975,0.666667
816,1986,0.75
818,891,1
818,1478,1
818,1779,1
818,1905,0.5
819,1549,1
823,1257,0.5
823,1505,1
823,1873,0.5
823,1898,0.5
826,840,0.75
826,851,0.75
826,866,0.5
826,868,0.5
826,872,0.75
826,889,0.5
826,902,0.75
826,915,0.666667
826,938,0.75
826,954,0.75
826,960,0.75
826,963,0.75
826,964,0.5
826,998,0.5
826,1063,0.75
826,1083,0.75
826,1128,0.75
826,1134,0.5
826,1193,0.75
826,1213,0.5
826,1238,0.75
826,1257,0.5
826,1268,0.75
826,1277,0.75
826,1290,0.75
826,1294,0.75
826,1322,0.5
826,1330,0.75
826,1379,0.75
826,1408,0.75
826,1431,0.75
826,1439,1
826,1452,0.75
826,1466,0.75
826,1500,0.75
826,1521,0.75
826,1531,0.75
826,1577,0.75
826,1579,0.75
826,1586,0.75
826,1596,0.75
826,1607,0.75
826,1781,0.75
826,1790,0.75
826,1844,1
826,1853,0.75
826,1873,0.5
826,1893,0.75
826,1926,0.75
826,1935,0.75
826,1941,0.75
826,1962,0.5
826,1973,0.75
826,1994,0.75
826,1997,0.75
826,2005,0.5
828,917,1
828,1230,1
828,1562,1
828,1637,0.5
828,1705,0.75
828,1726,1
828,1767,0.5
828,1929,0.5
828,1996,1
831,852,1
831,1705,1
832,1257,0.5
832,1873,0.5
840,851,0.75
840,872,1
840,902,0.75
840,938,1
840,942,0.5
840,954,1
840,960,1
840,963,1
840,998,0.5
840,1063,1
840,1083,1
840,1128,1
840,1150,0.5
840,1193,0.75
840,1238,1
840,1257,0.5
840,1268,1
840,1277,1
840,1290,1
840,1294,1
840,1330,1
840,1379,0.75
840,1408,1
840,1424,0.5
840,1431,1
840,1439,0.75
840,1452,1
840,1466,0.75
840,1500,1
840,1521,1
840,1531,1
840,1577,1
840,1579,0.75
840,1586,0.75
840,1596,1
840,1607,1
840,1781,0.75
840,1790,1
840,1844,0.75
840,1853,0.75
840,1873,0.5
840,1893,1
840,1926,1
840,1935,1
840,1941,1
840,1962,0.5
840,1973,0.75
840,1994,0.75
840,1997,0.75
840,2010,0.5
844,1668,1
848,923,1
848,1158,0.666667
851,872,0.75
851,902,0.75
851,938,0.75
851,954,0.75
851,960,0.75
851,963,0.75
851,998,0.5
851,1063,0.75
851,1083,0.75
851,1128,0.75
851,1143,0.5
851,1178,0.5
851,1193,0.75
851,1238,0.75
851,1257,0.5
851,1268,0.75
851,1275,1
851,1277,0.75
851,1290,0.75
851,1294,0.75
851,1330,0.75
851,1379,0.75
851,1408,0.75
851,1431,0.75
851,1439,0.75
851,1452,0.75
851,1456,1
851,1466,0.75
851,1500,0.75
851,1521,0.75
851,1531,0.75
851,1577,0.75
851,1579,0.75
851,1585,0.5
851,1586,0.75
851,1596,0.75
851,1607,0.75
851,1767,0.5
851,1781,0.75
851,1790,0.75
851,1791,0.5
851,1843,0.5
851,1844,0.75
851,1853,0.75
851,1873,0.5
851,1893,0.75
851,1898,0.5
851,1926,0.75
851,1935,0.75
851,1941,0.75
851,1962,0.5
851,1973,0.75
851,1986,0.5
851,1994,0.75
851,1997,0.75
851,2010,0.5
852,1133,1
852,1302,1
852,1705,1
859,1873,1
862,1997,1
863,866,0.5
863,903,0.5
863,998,0.5
863,1072,0.5
863,1119,0.5
863,1240,0.5
863,1429,0.5
863,1509,0.5
863,1522,0.5
863,1585,0.5
863,1669,0.5
863,1750,0.5
863,1791,0.5
863,1838,0.5
863,1877,0.5
863,1918,0.5
863,1962,0.5
863,1986,0.5
863,2005,0.5
865,982,1
865,1918,0.666667
866,868,1
866,889,1
866,903,0.75
866,915,1
866,964,1
866,977,0.5
866,998,0.5
866,1018,0.75
866,1072,0.75
866,1119,0.75
866,1134,1
866,1213,1
866,1240,0.75
866,1276,0.75
866,1322,1
866,1381,0.666667
866,1401,0.75
866,1409,0.5
866,1429,0.75
866,1439,0.5
866,1509,0.75
866,1522,0.75
866,1575,0.75
866,1585,0.75
866,1668,0.5
866,1669,0.75
866,1750,0.75
866,1791,0.75
866,1815,1
866,1832,0.75
866,1838,0.75
866,1844,0.5
866,1877,0.75
866,1918,0.75
866,1961,0.75
866,1962,0.5
866,1986,0.75
866,2005,1
867,1668,1
868,889,1
868,903,0.75
868,915,1
868,964,1
868,977,0.5
868,998,0.5
868,1018,0.75
868,1119,0.75
868,1134,1
868,1213,1
868,1240,0.75
868,1276,0.75
868,1286,1
868,1322,1
868,1381,0.666667
868,1439,0.5
868,1494,1
868,1522,0.75
868,1550,1
868,1575,0.75
868,1585,0.75
868,1618,1
868,1628,0.75
868,1668,0.5
868,1669,0.75
868,1673,0.75
868,1791,0.75
868,1815,1
868,1832,0.75
868,1844,0.5
868,1875,0.5
868,1918,0.75
868,1961,0.75
868,1962,0.5
868,1986,0.75
868,2005,1
868,2026,0.5
872,902,0.75
872,938,1
872,954,1
872,960,1
872,963,1
872,998,0.5
872,1063,1
872,1083,1
872,1128,1
872,1193,0.75
872,1238,1
872,1257,0.5
872,1268,1
872,1277,1
872,1290,1
872,1294,1
872,1330,1
872,1379,0.75
872,1408,1
872,1431,1
872,1439,0.75
872,1452,1
872,1466,0.75
872,1500,1
872,1521,1
872,1531,1
872,1577,1
872,1579,0.75
872,1586,0.75
872,1596,1
872,1607,1
872,1781,0.75
872,1790,1
872,1844,0.75
872,1853,0.75
872,1873,0.5
872,1893,1
872,1926,1
872,1935,1
872,1941,1
872,1962,0.5
872,1973,0.75
872,1994,0.75
872,1997,0.75
873,1023,1
873,1620,1
880,1873,1
881,1158,0.666667
881,1305,1
881,1376,1
881,1593,1
883,1951,1
885,1668,1
889,915,1
889,964,1
889,977,0.5
889,979,0.75
889,998,0.5
889,1018,0.75
889,1119,0.75
889,1134,1
889,1178,0.5
889,1213,1
889,1240,0.75
889,1276,0.75
889,1322,1
889,1368,0.75
889,1381,0.666667
889,1429,0.75
889,1433,0.666667
889,1439,0.5
889,1575,0.75
889,1585,0.75
889,1668,0.5
889,1669,0.75
889,1742,0.666667
889,1791,0.75
889,1832,0.75
889,1838,0.75
889,1844,0.5
889,1961,0.75
889,1962,0.5
889,1975,1
889,1986,0.75
889,2005,1
890,957,0.75
890,1029,0.75
890,1041,1
890,1068,0.75
890,1102,0.75
890,1136,0.75
890,1154,1
890,1404,0.75
890,1444,0.75
890,1507,0.75
890,1527,0.75
890,1597,0.75
890,1666,0.75
890,1689,0.75
890,1749,0.75
890,1802,1
890,1900,0.75
890,1914,0.75
890,1964,0.75
890,1974,1
890,1992,1
890,2024,0.75
891,1478,1
891,1779,1
891,1905,0.5
894,1535,0.5
894,1600,1
894,1875,0.5
894,1912,1
894,1955,1
894,2015,1
895,1873,1
896,1069,1
896,1157,1
898,998,0.5
898,1322,0.5
898,1546,1
898,1575,0.5
898,1585,0.5
898,1750,0.5
898,1832,0.5
902,938,0.75
902,954,0.75
902,960,0.75
902,963,0.75
902,998,0.75
902,1063,0.75
902,1083,0.75
902,1128,0.75
902,1143,0.5
902,1193,1
902,1197,0.666667
902,1238,0.75
902,1257,0.5
902,1268,0.75
902,1277,0.75
902,1290,0.75
902,1294,0.75
902,1330,0.75
902,1379,1
902,1408,0.75
902,1431,0.75
902,1439,0.75
902,1452,0.75
902,1466,1
902,1500,0.75
902,1521,0.75
902,1531,0.75
902,1577,0.75
902,1579,1
902,1586,0.75
902,1596,0.75
902,1607,0.75
902,1781,1
902,1790,0.75
902,1844,0.75
902,1853,1
902,1873,0.5
902,1893,0.75
902,1926,0.75
902,1935,0.75
902,1941,0.75
902,1962,0.5
902,1973,1
902,1994,1
902,1997,1
903,915,0.666667
903,964,0.75
903,979,1
903,998,0.5
903,1010,1
903,1018,0.75
903,1072,0.75
903,1079,0.666667
903,1080,1
903,1099,1
903,1119,0.75
903,1134,0.75
903,1190,1
903,1213,0.75
903,1240,0.75
903,1276,0.75
903,1286,1
903,1322,0.75
903,1368,0.75
903,1401,0.75
903,1429,0.75
903,1485,1
903,1509,0.75
903,1522,0.75
903,1575,0.75
903,1585,0.75
903,1618,1
903,1628,1
903,1662,1
903,1668,0.5
903,1669,0.75
903,1673,0.75
903,1717,1
903,1750,0.75
903,1766,1
903,1791,0.75
903,1815,1
903,1832,0.75
903,1838,0.75
903,1875,0.5
903,1877,0.75
903,1918,0.75
903,1961,0.75
903,1962,0.5
903,1986,0.75
903,2000,1
903,2005,0.75
904,1555,1
904,1649,1
904,1690,1
905,1873,1
915,964,1
915,977,0.666667
915,998,0.666667
915,1018,0.666667
915,1119,0.666667
915,1134,1
915,1213,1
915,1240,0.666667
915,1276,0.666667
915,1322,1
915,1381,0.666667
915,1439,0.666667
915,1575,0.666667
915,1585,0.666667
915,1669,0.666667
915,1815,1
915,1832,0.666667
915,1844,0.666667
915,1961,0.666667
915,1962,0.666667
915,1986,0.666667
915,2005,1
917,1562,1
917,1767,0.5
923,1158,0.666667
929,1389,1
930,1873,1
932,1873,1
937,1812,0.5
937,1879,1
938,954,1
938,960,1
938,963,1
938,998,0.5
938,1063,1
938,1083,1
938,1128,1
938,1143,0.5
938,1193,0.75
938,1238,1
938,1257,0.5
938,1268,1
938,1277,1
938,1290,1
938,1294,1
938,1330,1
938,1379,0.75
938,1408,1
938,1431,1
938,1439,0.75
938,1452,1
938,1466,0.75
938,1500,1
938,1521,1
938,1531,1
938,1577,1
938,1579,0.75
938,1586,0.75
938,1596,1
938,1607,1
938,1781,0.75
938,1790,1
938,1844,0.75
938,1853,0.75
938,1873,0.5
938,1893,1
938,1926,1
938,1935,1
938,1941,1
938,1962,0.5
938,1973,0.75
938,1994,0.75
938,1997,0.75
942,1150,1
942,1521,0.5
942,1893,0.5
942,1941,0.5
942,1997,0.5
944,1767,0.5
944,1873,0.5
949,1668,1
954,960,1
954,963,1
954,998,0.5
954,1063,1
954,1083,1
954,1128,1
954,1193,0.75
954,1238,1
954,1257,0.5
954,1268,1
954,1277,1
954,1290,1
954,1294,1
954,1330,1
954,1379,0.75
954,1408,1
954,1431,1
954,1439,0.75
954,1452,1
954,1466,0.75
954,1500,1
954,1521,1
954,1531,1
954,1577,1
954,1579,0.75
954,1586,0.75
954,1596,1
954,1607,1
954,1781,0.75
954,1790,1
954,1844,0.75
954,1853,0.75
954,1873,0.5
954,1893,1
954,1926,1
954,1935,1
954,1941,1
954,1962,0.5
954,1973,0.75
954,1994,0.75
954,1997,0.75
957,1041,0.75
957,1068,1
957,1102,1
957,1154,0.75
957,1404,1
957,1444,1
957,1527,1
957,1666,1
957,1802,0.75
957,1974,0.75
957,1992,0.75
957,2024,1
960,963,1
960,998,0.5
960,1063,1
960,1083,1
960,1128,1
960,1193,0.75
960,1238,1
960,1257,0.5
960,1268,1
960,1277,1
960,1290,1
960,1294,1
960,1330,1
960,1379,0.75
960,1408,1
960,1431,1
960,1439,0.75
960,1452,1
960,1466,0.75
960,1500,1
960,1521,1
960,1531,1
960,1577,1
960,1579,0.75
960,1586,0.75
960,1596,1
960,1607,1
960,1781,0.75
960,1790,1
960,1844,0.75
960,1853,0.75
960,1873,0.5
960,1893,1
960,1926,1
960,1935,1
960,1941,1
960,1962,0.5
960,1973,0.75
960,1994,0.75
960,1997,0.75
962,1698,1
962,1711,0.666667
962,1873,0.666667
962,1938,0.666667
962,1945,1
963,998,0.5
963,1063,1
963,1083,1
963,1128,1
963,1193,0.75
963,1238,1
963,1257,0.5
963,1268,1
963,1277,1
963,1290,1
963,1294,1
963,1330,1
963,1379,0.75
963,1408,1
963,1431,1
963,1439,0.75
963,1452,1
963,1466,0.75
963,1500,1
963,1521,1
963,1531,1
963,1577,1
963,1579,0.75
963,1586,0.75
963,1596,1
963,1607,1
963,1781,0.75
963,1790,1
963,1844,0.75
963,1853,0.75
963,1873,0.5
963,1893,1
963,1926,1
963,1935,1
963,1941,1
963,1962,0.5
963,1973,0.75
963,1994,0.75
963,1997,0.75
964,977,0.5
964,998,0.5
964,1018,0.75
964,1119,0.75
964,1134,1
964,1213,1
964,1240,0.75
964,1276,0.75
964,1322,1
964,1381,0.666667
964,1439,0.5
964,1509,0.75
964,1575,0.75
964,1585,0.75
964,1662,1
964,1668,0.5
964,1669,0.75
964,1791,0.75
964,1815,1
964,1832,0.75
964,1844,0.5
964,1961,0.75
964,1962,0.5
964,1975,1
964,1986,0.75
964,2005,1
965,1668,1
966,1668,1
972,1873,1
977,982,0.5
977,998,0.5
977,1018,0.75
977,1072,0.75
977,1119,0.5
977,1134,0.5
977,1213,0.5
977,1226,0.75
977,1240,0.5
977,1276,0.75
977,1322,0.5
977,1368,0.75
977,1401,0.75
977,1429,0.5
977,1575,0.5
977,1585,0.5
977,1673,0.5
977,1791,0.5
977,1832,0.5
977,1855,0.75
977,1961,0.5
977,1962,0.5
977,1986,0.5
977,2005,0.5
979,998,0.5
979,1018,0.75
979,1080,1
979,1099,1
979,1119,0.75
979,1134,0.75
979,1178,0.5
979,1190,1
979,1240,0.75
979,1322,0.75
979,1368,0.75
979,1429,0.75
979,1433,0.666667
979,1509,0.75
979,1575,0.75
979,1585,0.75
979,1618,1
979,1628,1
979,1668,0.5
979,1669,0.75
979,1717,1
979,1742,0.666667
979,1750,0.75
979,1766,1
979,1791,0.75
979,1832,0.75
979,1838,0.75
979,1877,0.75
979,1962,0.5
979,1975,1
979,1986,0.75
979,2000,1
979,2005,0.75
982,1226,0.5
982,1855,0.5
982,1918,0.5
982,2026,1
983,1696,1
984,1668,1
987,1087,1
987,1325,1
987,1372,1
987,1792,1
987,1871,1
987,1951,1
987,1972,1
987,1985,1
987,2003,1
989,1434,1
990,997,1
990,1057,1
990,1158,1
990,1392,1
990,1549,1
990,1955,1
992,1158,0.5
992,1305,0.5
992,1376,0.5
992,1593,0.5
997,1057,1
997,1158,1
997,1392,1
997,1549,1
998,1010,0.666667
998,1018,0.5
998,1063,0.5
998,1072,0.5
998,1079,0.666667
998,1080,0.5
998,1083,0.5
998,1099,0.5
998,1119,0.5
998,1128,0.5
998,1134,0.5
998,1178,0.5
998,1190,0.5
998,1193,0.75
998,1213,0.5
998,1238,0.5
998,1240,0.5
998,1257,0.5
998,1268,0.5
998,1276,0.5
998,1277,0.5
998,1286,0.666667
998,1290,0.5
998,1294,0.5
998,1322,0.5
998,1330,0.5
998,1368,0.5
998,1379,0.75
998,1401,0.5
998,1408,0.5
998,1409,0.5
998,1429,0.5
998,1431,0.5
998,1433,0.666667
998,1439,0.5
998,1452,0.5
998,1466,0.75
998,1485,0.666667
998,1500,0.5
998,1509,0.5
998,1521,0.5
998,1522,0.5
998,1531,0.5
998,1546,0.5
998,1575,0.5
998,1577,0.5
998,1579,0.75
998,1585,0.5
998,1586,0.5
998,1596,0.5
998,1607,0.5
998,1618,0.666667
998,1628,0.5
998,1662,0.666667
998,1669,0.5
998,1673,0.5
998,1717,0.666667
998,1742,0.666667
998,1750,0.5
998,1766,0.666667
998,1769,0.5
998,1781,0.75
998,1790,0.5
998,1791,0.5
998,1806,1
998,1815,0.666667
998,1832,0.5
998,1838,0.5
998,1844,0.5
998,1853,0.75
998,1873,0.5
998,1875,0.5
998,1877,0.5
998,1893,0.5
998,1910,1
998,1918,0.5
998,1926,0.5
998,1935,0.5
998,1941,0.5
998,1961,0.5
998,1962,0.75
998,1973,0.75
998,1975,0.666667
998,1986,0.5
998,1994,0.75
998,1997,0.75
998,2000,0.666667
998,2005,0.5
1001,1668,1
1003,1668,1
1004,1034,1
1004,1088,1
1004,1762,1
1008,1873,1
1010,1072,1
1010,1079,0.666667
1010,1080,1
1010,1119,1
1010,1190,1
1010,1213,1
1010,1240,1
1010,1286,1
1010,1322,1
1010,1429,1
1010,1485,1
1010,1509,1
1010,1522,1
1010,1575,1
1010,1585,1
1010,1662,1
1010,1668,0.666667
1010,1669,1
1010,1750,1
1010,1791,1
1010,1875,0.5
1010,1877,1
1010,1918,1
1010,1962,0.666667
1010,1986,1
1010,2005,1
1013,1705,1
1014,1873,1
1017,1905,1
1018,1072,1
1018,1119,0.75
1018,1134,0.75
1018,1178,0.5
1018,1213,0.75
1018,1226,0.5
1018,1240,0.75
1018,1276,1
1018,1322,0.75
1018,1368,1
1018,1401,1
1018,1429,0.75
1018,1433,0.666667
1018,1575,0.75
1018,1585,0.75
1018,1618,1
1018,1628,0.75
1018,1668,0.5
1018,1669,0.75
1018,1673,0.75
1018,1742,0.666667
1018,1750,0.75
1018,1766,1
1018,1791,0.75
1018,1832,0.75
1018,1838,0.75
1018,1855,0.5
1018,1877,0.75
1018,1961,0.75
1018,1962,0.5
1018,1975,1
1018,1986,0.75
1018,2005,0.75
1019,1873,1
1023,1620,1
1027,1668,1
1029,1041,0.75
1029,1136,1
1029,1154,0.75
1029,1507,1
1029,1597,1
1029,1689,1
1029,1749,1
1029,1802,0.75
1029,1900,1
1029,1914,1
1029,1964,1
1029,1974,0.75
1029,1992,0.75
1030,1668,1
1033,1492,1
1034,1088,1
1035,1211,1
1041,1068,0.75
1041,1102,0.75
1041,1136,0.75
1041,1154,1
1041,1404,0.75
1041,1444,0.75
1041,1507,0.75
1041,1527,0.75
1041,1597,0.75
1041,1666,0.75
1041,1689,0.75
1041,1749,0.75
1041,1802,1
1041,1900,0.75
1041,1914,0.75
1041,1964,0.75
1041,1974,1
1041,1992,1
1041,2024,0.75
1046,1767,1
1046,1873,1
1051,1079,0.666667
1051,1119,0.5
1051,1409,1
1051,1425,0.666667
1051,1509,0.5
1051,1575,0.5
1051,1648,1
1051,1829,1
1051,1832,0.5
1051,1877,0.5
1051,1949,1
1051,1961,0.5
1051,1962,0.5
1051,2011,1
1057,1148,0.5
1057,1158,1
1057,1392,1
1057,1549,1
1057,1905,0.666667
1060,1705,0.5
1060,1873,0.5
1061,1873,1
1063,1083,1
1063,1128,1
1063,1193,0.75
1063,1238,1
1063,1257,0.5
1063,1268,1
1063,1277,1
1063,1290,1
1063,1294,1
1063,1330,1
1063,1379,0.75
1063,1408,1
1063,1431,1
1063,1439,0.75
1063,1452,1
1063,1466,0.75
1063,1500,1
1063,1521,1
1063,1531,1
1063,1577,1
1063,1579,0.75
1063,1586,0.75
1063,1596,1
1063,1607,1
1063,1781,0.75
1063,1790,1
1063,1844,0.75
1063,1853,0.75
1063,1873,0.5
1063,1893,1
1063,1926,1
1063,1935,1
1063,1941,1
1063,1962,0.5
1063,1973,0.75
1063,1994,0.75
1063,1997,0.75
1066,1873,1
1068,1102,1
1068,1154,0.75
1068,1404,1
1068,1444,1
1068,1527,1
1068,1666,1
1068,1802,0.75
1068,1974,0.75
1068,1992,0.75
1068,2024,1
1069,1157,1
1070,1668,1
1071,1412,1
1072,1079,0.666667
1072,1080,0.75
1072,1119,0.75
1072,1190,0.75
1072,1213,0.75
1072,1226,0.5
1072,1240,0.75
1072,1276,1
1072,1286,1
1072,1322,0.75
1072,1368,1
1072,1401,1
1072,1429,0.75
1072,1485,1
1072,1509,0.75
1072,1522,0.75
1072,1575,0.75
1072,1585,0.75
1072,1662,1
1072,1668,0.5
1072,1669,0.75
1072,1673,0.75
1072,1750,0.75
1072,1791,0.75
1072,1832,0.75
1072,1838,0.75
1072,1855,0.5
1072,1875,0.5
1072,1877,0.75
1072,1918,0.75
1072,1962,0.5
1072,1986,0.75
1072,2005,0.75
1074,1668,1
1079,1119,0.666667
1079,1240,0.666667
1079,1322,0.666667
1079,1425,0.666667
1079,1429,0.666667
1079,1509,0.666667
1079,1522,0.666667
1079,1575,0.666667
1079,1585,0.666667
1079,1669,0.666667
1079,1673,0.666667
1079,1687,1
1079,1750,0.666667
1079,1767,0.666667
1079,1791,0.666667
1079,1829,0.666667
1079,1832,0.666667
1079,1838,0.666667
1079,1877,0.666667
1079,1918,0.666667
1079,1962,0.666667
1079,1986,0.666667
1079,2005,0.666667
1080,1099,1
1080,1119,0.75
1080,1190,1
1080,1213,0.75
1080,1240,0.75
1080,1286,1
1080,1322,0.75
1080,1368,0.75
1080,1429,0.75
1080,1485,1
1080,1509,0.75
1080,1575,0.75
1080,1585,0.75
1080,1618,1
1080,1628,1
1080,1662,1
1080,1668,0.5
1080,1669,0.75
1080,1717,1
1080,1750,0.75
1080,1766,1
1080,1791,0.75
1080,1815,1
1080,1875,0.5
1080,1877,0.75
1080,1962,0.5
1080,1975,1
1080,1986,0.75
1080,2000,1
1080,2005,0.75
1082,1668,1
1083,1128,1
1083,1193,0.75
1083,1238,1
1083,1257,0.5
1083,1268,1
1083,1277,1
1083,1290,1
1083,1294,1
1083,1330,1
1083,1379,0.75
1083,1408,1
1083,1431,1
1083,1439,0.75
1083,1452,1
1083,1466,0.75
1083,1500,1
1083,1521,1
1083,1531,1
1083,1577,1
1083,1579,0.75
1083,1586,0.75
1083,1596,1
1083,1607,1
1083,1781,0.75
1083,1790,1
1083,1844,0.75
1083,1853,0.75
1083,1873,0.5
1083,1893,1
1083,1926,1
1083,1935,1
1083,1941,1
1083,1962,0.5
1083,1973,0.75
1083,1994,0.75
1083,1997,0.75
1087,1325,1
1087,1372,1
1087,1792,1
1087,1871,1
1087,1951,1
1087,1972,1
1087,1985,1
1087,2003,1
1089,1873,1
1090,1233,1
1090,1951,0.5
1095,1257,1
1099,1190,1
1099,1240,0.5
1099,1322,0.5
1099,1368,0.5
1099,1429,0.5
1099,1509,0.5
1099,1575,0.5
1099,1585,0.5
1099,1628,1
1099,1669,0.5
1099,1717,1
1099,1750,0.5
1099,1791,0.5
1099,1877,0.5
1099,1962,0.5
1099,1986,0.5
1099,2000,1
1102,1154,0.75
1102,1404,1
1102,1444,1
1102,1527,1
1102,1666,1
1102,1802,0.75
1102,1974,0.75
1102,1992,0.75
1102,2024,1
1109,1257,1
1109,1873,1
1112,1837,1
1113,1905,1
1119,1134,0.75
1119,1178,0.5
1119,1190,0.75
1119,1213,0.75
1119,1240,0.75
1119,1257,0.5
1119,1276,0.75
1119,1286,1
1119,1322,0.75
1119,1368,0.75
1119,1401,0.75
1119,1409,0.5
1119,1429,0.75
1119,1433,0.666667
1119,1485,1
1119,1509,1
1119,1522,0.75
1119,1575,1
1119,1585,0.75
1119,1618,1
1119,1628,0.75
1119,1648,0.666667
1119,1662,1
1119,1668,0.5
1119,1669,0.75
1119,1673,0.75
1119,1742,0.666667
1119,1750,0.75
1119,1766,1
1119,1791,0.75
1119,1815,1
1119,1829,0.5
1119,1832,1
1119,1838,0.75
1119,1875,0.5
1119,1877,1
1119,1918,0.75
1119,1961,1
1119,1962,0.75
1119,1975,1
1119,1986,0.75
1119,2000,0.666667
1119,2005,0.75
1123,1158,0.5
1123,1305,0.5
1123,1376,0.5
1123,1812,1
1125,1668,1
1128,1193,0.75
1128,1238,1
1128,1257,0.5
1128,1268,1
1128,1277,1
1128,1290,1
1128,1294,1
1128,1330,1
1128,1379,0.75
1128,1408,1
1128,1431,1
1128,1439,0.75
1128,1452,1
1128,1466,0.75
1128,1500,1
1128,1521,1
1128,1531,1
1128,1577,1
1128,1579,0.75
1128,1586,0.75
1128,1596,1
1128,1607,1
1128,1781,0.75
1128,1790,1
1128,1844,0.75
1128,1853,0.75
1128,1873,0.5
1128,1893,1
1128,1926,1
1128,1935,1
1128,1941,1
1128,1962,0.5
1128,1973,0.75
1128,1994,0.75
1128,1997,0.75
1131,1668,1
1133,1705,1
1134,1213,1
1134,1240,0.75
1134,1276,0.75
1134,1322,1
1134,1368,0.75
1134,1381,0.666667
1134,1439,0.5
1134,1509,0.75
1134,1575,0.75
1134,1585,0.75
1134,1618,1
1134,1628,0.75
1134,1668,0.5
1134,1669,0.75
1134,1750,0.75
1134,1766,1
1134,1791,0.75
1134,1815,1
1134,1832,0.75
1134,1844,0.5
1134,1877,0.75
1134,1961,0.75
1134,1962,0.5
1134,1986,0.75
1134,2000,0.666667
1134,2005,1
1136,1154,0.75
1136,1507,1
1136,1597,1
1136,1689,1
1136,1749,1
1136,1802,0.75
1136,1900,1
1136,1914,1
1136,1964,1
1136,1974,0.75
1136,1992,0.75
1143,1178,0.5
1143,1193,0.5
1143,1238,0.5
1143,1277,0.5
1143,1290,0.5
1143,1379,0.5
1143,1439,0.5
1143,1452,0.5
1143,1500,0.5
1143,1521,0.5
1143,1577,0.5
1143,1579,0.5
1143,1781,0.5
1143,1843,0.5
1143,1857,1
1143,1893,0.5
1143,1898,0.5
1143,1902,0.5
1143,1973,0.5
1143,1991,1
1143,1994,0.5
1143,1997,0.5
1148,1392,0.5
1148,1549,0.5
1150,1424,1
1150,1521,0.5
1150,1893,0.5
1150,1941,0.5
1150,1997,0.5
1150,2010,1
1152,1873,1
1154,1404,0.75
1154,1444,0.75
1154,1507,0.75
1154,1527,0.75
1154,1597,0.75
1154,1666,0.75
1154,1689,0.75
1154,1749,0.75
1154,1802,1
1154,1900,0.75
1154,1914,0.75
1154,1964,0.75
1154,1974,1
1154,1992,1
1154,2024,0.75
1158,1194,0.666667
1158,1305,0.666667
1158,1376,0.666667
1158,1392,0.75
1158,1423,1
1158,1443,0.666667
1158,1519,0.5
1158,1549,0.75
1158,1593,0.666667
1158,1693,0.5
1158,1700,0.5
1158,1768,1
1158,1772,1
1158,1812,0.5
1158,1905,0.5
1158,1980,0.666667
1158,2022,1
1159,1668,1
1170,1668,1
1171,1668,1
1175,1668,1
1178,1213,0.5
1178,1240,0.5
1178,1322,0.5
1178,1368,0.5
1178,1429,0.5
1178,1433,1
1178,1575,0.5
1178,1585,0.75
1178,1651,0.5
1178,1669,0.5
1178,1742,1
1178,1767,0.5
1178,1769,0.5
1178,1791,0.75
1178,1838,0.5
1178,1962,0.5
1178,1975,0.666667
1178,1986,0.75
1179,1873,1
1185,1549,1
1186,1388,1
1186,1905,0.666667
1186,2026,0.5
1188,1668,1
1190,1213,0.75
1190,1240,0.75
1190,1286,1
1190,1322,0.75
1190,1368,0.75
1190,1429,0.75
1190,1485,1
1190,1509,0.75
1190,1575,0.75
1190,1585,0.75
1190,1628,1
1190,1662,1
1190,1668,0.5
1190,1669,0.75
1190,1717,1
1190,1750,0.75
1190,1766,1
1190,1791,0.75
1190,1832,0.75
1190,1838,0.75
1190,1875,0.5
1190,1877,0.75
1190,1962,0.5
1190,1986,0.75
1190,2000,1
1190,2005,0.75
1191,1420,1
1191,1425,0.5
1192,1873,1
1193,1238,0.75
1193,1257,0.5
1193,1268,0.75
1193,1277,0.75
1193,1290,0.75
1193,1294,0.75
1193,1330,0.75
1193,1379,1
1193,1408,0.75
1193,1431,0.75
1193,1439,0.75
1193,1452,0.75
1193,1466,1
1193,1500,0.75
1193,1521,0.75
1193,1531,0.75
1193,1577,0.75
1193,1579,1
1193,1586,0.75
1193,1596,0.75
1193,1607,0.75
1193,1781,1
1193,1790,0.75
1193,1844,0.75
1193,1853,1
1193,1857,1
1193,1873,0.5
1193,1893,0.75
1193,1926,0.75
1193,1935,0.75
1193,1941,0.75
1193,1962,0.5
1193,1973,1
1193,1994,1
1193,1997,1
1194,1305,0.666667
1194,1376,0.666667
1194,1443,1
1194,1980,1
1197,1379,0.666667
1197,1579,0.666667
1197,1781,0.666667
1197,1843,1
1197,1857,1
1197,1898,1
1197,1973,0.666667
1197,1991,1
1197,1994,0.666667
1197,1997,0.666667
1199,1873,1
1202,1257,1
1213,1240,0.75
1213,1276,0.75
1213,1286,1
1213,1322,1
1213,1381,0.666667
1213,1401,0.75
1213,1429,0.75
1213,1439,0.5
1213,1485,1
1213,1509,0.75
1213,1522,0.75
1213,1575,0.75
1213,1585,0.75
1213,1662,1
1213,1668,0.5
1213,1669,0.75
1213,1750,0.75
1213,1815,1
1213,1832,0.75
1213,1844,0.5
1213,1875,0.5
1213,1961,0.75
1213,1962,0.5
1213,1986,0.75
1213,2005,1
1217,1439,1
1223,1668,1
1224,1668,1
1226,1276,0.5
1226,1368,0.5
1226,1401,0.5
1226,1855,1
1227,1668,1
1228,1873,1
1233,1951,0.5
1234,1668,1
1237,1524,1
1238,1257,0.5
1238,1268,1
1238,1277,1
1238,1290,1
1238,1294,1
1238,1330,1
1238,1379,0.75
1238,1408,1
1238,1431,1
1238,1439,0.75
1238,1452,1
1238,1466,0.75
1238,1500,1
1238,1521,1
1238,1531,1
1238,1577,1
1238,1579,0.75
1238,1586,0.75
1238,1596,1
1238,1607,1
1238,1781,0.75
1238,1790,1
1238,1844,0.75
1238,1853,0.75
1238,1873,0.5
1238,1893,1
1238,1926,1
1238,1935,1
1238,1941,1
1238,1962,0.5
1238,1973,0.75
1238,1994,0.75
1238,1997,0.75
1240,1276,0.75
1240,1286,1
1240,1322,0.75
1240,1368,0.75
1240,1401,0.75
1240,1429,1
1240,1433,0.666667
1240,1485,1
1240,1509,0.75
1240,1522,1
1240,1575,0.75
1240,1585,0.75
1240,1618,1
1240,1628,0.75
1240,1662,1
1240,1668,0.5
1240,1669,1
1240,1673,1
1240,1717,0.666667
1240,1730,0.666667
1240,1742,0.666667
1240,1750,0.75
1240,1766,1
1240,1791,0.75
1240,1815,1
1240,1832,0.75
1240,1838,1
1240,1875,0.5
1240,1877,0.75
1240,1918,0.75
1240,1961,0.75
1240,1962,0.5
1240,1975,1
1240,1986,0.75
1240,2000,0.666667
1240,2005,0.75
1243,1873,0.5
1246,1668,1
1252,1257,0.5
1252,1705,0.5
1252,1753,1
1252,1873,0.5
1254,1873,1
1257,1268,0.5
1257,1277,0.5
1257,1279,0.5
1257,1290,0.5
1257,1294,0.5
1257,1302,1
1257,1330,0.5
1257,1379,0.5
1257,1382,1
1257,1386,1
1257,1408,0.5
1257,1431,0.5
1257,1439,0.5
1257,1452,0.5
1257,1466,0.5
1257,1500,0.5
1257,1509,0.5
1257,1521,0.5
1257,1523,1
1257,1531,0.5
1257,1575,0.5
1257,1577,0.5
1257,1579,0.5
1257,1586,0.5
1257,1596,0.5
1257,1607,0.5
1257,1624,1
1257,1637,0.5
1257,1638,1
1257,1643,0.5
1257,1714,1
1257,1739,0.5
1257,1753,0.5
1257,1767,0.5
1257,1781,0.5
1257,1790,0.5
1257,1807,1
1257,1832,0.5
1257,1844,0.5
1257,1853,0.5
1257,1873,0.75
1257,1877,0.5
1257,1893,0.5
1257,1926,0.5
1257,1929,0.5
1257,1935,0.5
1257,1941,0.5
1257,1961,0.5
1257,1962,0.75
1257,1973,0.5
1257,1994,0.5
1257,1997,0.5
1259,1668,1
1263,1668,1
1268,1277,1
1268,1290,1
1268,1294,1
1268,1330,1
1268,1379,0.75
1268,1408,1
1268,1431,1
1268,1439,0.75
1268,1452,1
1268,1466,0.75
1268,1500,1
1268,1521,1
1268,1531,1
1268,1577,1
1268,1579,0.75
1268,1586,0.75
1268,1596,1
1268,1607,1
1268,1672,1
1268,1781,0.75
1268,1790,1
1268,1844,0.75
1268,1853,0.75
1268,1873,0.5
1268,1893,1
1268,1926,1
1268,1935,1
1268,1941,1
1268,1962,0.5
1268,1973,0.75
1268,1994,0.75
1268,1997,0.75
1273,1666,1
1275,1521,1
1275,1898,1
1275,1997,1
1276,1286,1
1276,1304,1
1276,1322,0.75
1276,1365,1
1276,1368,1
1276,1401,1
1276,1429,0.75
1276,1509,0.75
1276,1522,0.75
1276,1553,1
1276,1575,0.75
1276,1585,0.75
1276,1618,1
1276,1628,0.75
1276,1668,0.5
1276,1669,0.75
1276,1673,0.75
1276,1791,0.75
1276,1832,0.75
1276,1855,0.5
1276,1918,0.75
1276,1961,0.75
1276,1962,0.5
1276,1977,1
1276,1986,0.75
1276,2005,0.75
1276,2026,0.5
1277,1290,1
1277,1294,1
1277,1308,1
1277,1330,1
1277,1379,0.75
1277,1408,1
1277,1431,1
1277,1439,0.75
1277,1452,1
1277,1466,0.75
1277,1500,1
1277,1521,1
1277,1531,1
1277,1577,1
1277,1579,0.75
1277,1586,0.75
1277,1596,1
1277,1607,1
1277,1781,0.75
1277,1790,1
1277,1844,0.75
1277,1853,0.75
1277,1854,1
1277,1873,0.5
1277,1893,1
1277,1898,0.5
1277,1926,1
1277,1935,1
1277,1941,1
1277,1962,0.5
1277,1973,0.75
1277,1994,0.75
1277,1997,0.75
1277,2010,0.5
1278,1668,1
1279,1753,1
1279,1873,0.5
1282,1873,1
1284,1668,1
1285,1873,1
1286,1322,1
1286,1429,1
1286,1485,1
1286,1494,1
1286,1509,1
1286,1522,1
1286,1575,1
1286,1585,1
1286,1618,1
1286,1628,1
1286,1662,1
1286,1668,0.666667
1286,1678,1
1286,1750,1
1286,1875,0.5
1286,1918,1
1286,1986,1
1286,2005,1
1286,2026,0.5
1287,1951,1
1288,1668,1
1290,1294,1
1290,1330,1
1290,1379,0.75
1290,1408,1
1290,1431,1
1290,1439,0.75
1290,1452,1
1290,1466,0.75
1290,1500,1
1290,1521,1
1290,1531,1
1290,1577,1
1290,1579,0.75
1290,1586,0.75
1290,1596,1
1290,1607,1
1290,1781,0.75
1290,1790,1
1290,1844,0.75
1290,1853,0.75
1290,1873,0.5
1290,1893,1
1290,1926,1
1290,1935,1
1290,1941,1
1290,1962,0.5
1290,1973,0.75
1290,1994,0.75
1290,1997,0.75
1292,1668,1
1294,1330,1
1294,1379,0.75
1294,1408,1
1294,1431,1
1294,1439,0.75
1294,1452,1
1294,1466,0.75
1294,1500,1
1294,1521,1
1294,1531,1
1294,1577,1
1294,1579,0.75
1294,1586,0.75
1294,1596,1
1294,1607,1
1294,1781,0.75
1294,1790,1
1294,1844,0.75
1294,1853,0.75
1294,1873,0.5
1294,1893,1
1294,1926,1
1294,1935,1
1294,1941,1
1294,1962,0.5
1294,1973,0.75
1294,1994,0.75
1294,1997,0.75
1295,1668,1
1302,1873,1
1305,1376,1
1305,1423,1
1305,1443,0.666667
1305,1593,1
1305,1693,0.5
1305,1700,0.5
1305,1772,1
1305,1812,0.5
1305,1905,0.666667
1305,1980,0.666667
1305,2022,1
1308,1521,1
1308,1973,1
1308,1997,1
1315,1668,1
1319,1873,1
1322,1368,0.75
1322,1381,0.666667
1322,1401,0.75
1322,1409,0.5
1322,1429,0.75
1322,1433,0.666667
1322,1439,0.5
1322,1485,1
1322,1509,0.75
1322,1522,0.75
1322,1546,0.5
1322,1575,0.75
1322,1585,0.75
1322,1618,1
1322,1628,0.75
1322,1662,1
1322,1668,0.5
1322,1669,0.75
1322,1673,0.75
1322,1717,0.666667
1322,1742,0.666667
1322,1750,0.75
1322,1766,1
1322,1791,0.75
1322,1815,1
1322,1832,0.75
1322,1838,0.75
1322,1844,0.5
1322,1875,0.5
1322,1877,0.75
1322,1918,0.75
1322,1961,0.75
1322,1962,0.5
1322,1975,1
1322,1986,0.75
1322,2000,0.666667
1322,2005,1
1323,1873,1
1325,1372,1
1325,1792,1
1325,1871,1
1325,1951,1
1325,1972,1
1325,1985,1
1325,2003,1
1328,1668,1
1330,1379,0.75
1330,1408,1
1330,1431,1
1330,1439,0.75
1330,1452,1
1330,1466,0.75
1330,1500,1
1330,1521,1
1330,1531,1
1330,1577,1
1330,1579,0.75
1330,1586,0.75
1330,1596,1
1330,1607,1
1330,1781,0.75
1330,1790,1
1330,1844,0.75
1330,1853,0.75
1330,1873,0.5
1330,1893,1
1330,1926,1
1330,1935,1
1330,1941,1
1330,1962,0.5
1330,1973,0.75
1330,1994,0.75
1330,1997,0.75
1331,1668,1
1335,1873,1
1337,1668,1
1353,1439,1
1355,1668,1
1360,1873,1
1365,1522,1
1365,1618,1
1365,1628,1
1368,1401,1
1368,1429,0.75
1368,1433,0.666667
1368,1509,0.75
1368,1575,0.75
1368,1585,0.75
1368,1618,1
1368,1628,0.75
1368,1662,1
1368,1668,0.5
1368,1669,0.75
1368,1673,0.75
1368,1717,0.666667
1368,1742,0.666667
1368,1750,0.75
1368,1766,1
1368,1769,0.5
1368,1791,0.75
1368,1832,0.75
1368,1838,0.75
1368,1855,0.5
1368,1877,0.75
1368,1962,0.5
1368,1975,1
1368,1986,0.75
1368,2000,0.666667
1368,2005,0.75
1369,1668,1
1372,1792,1
1372,1871,1
1372,1951,1
1372,1972,1
1372,1985,1
1372,2003,1
1374,1668,1
1376,1423,1
1376,1443,0.666667
1376,1593,1
1376,1610,1
1376,1693,0.5
1376,1700,0.5
1376,1772,1
1376,1812,0.5
1376,1880,0.5
1376,1905,0.666667
1376,1980,0.666667
1376,2022,1
1379,1408,0.75
1379,1431,0.75
1379,1439,0.75
1379,1452,0.75
1379,1466,1
1379,1500,0.75
1379,1521,0.75
1379,1531,0.75
1379,1577,0.75
1379,1579,1
1379,1586,0.75
1379,1596,0.75
1379,1607,0.75
1379,1781,1
1379,1790,0.75
1379,1844,0.75
1379,1853,1
1379,1873,0.5
1379,1893,0.75
1379,1926,0.75
1379,1935,0.75
1379,1941,0.75
1379,1962,0.5
1379,1973,1
1379,1994,1
1379,1997,1
1381,2005,0.666667
1382,1767,1
1382,1873,1
1386,1873,1
1388,1905,0.666667
1390,1668,1
1392,1549,1
1397,1668,1
1398,1873,1
1401,1429,0.75
1401,1522,0.75
1401,1575,0.75
1401,1585,0.75
1401,1618,1
1401,1628,0.75
1401,1668,0.5
1401,1673,0.75
1401,1750,0.75
1401,1766,1
1401,1791,0.75
1401,1838,0.75
1401,1855,0.5
1401,1877,0.75
1401,1962,0.5
1401,1986,0.75
1401,2005,0.75
1404,1444,1
1404,1527,1
1404,1666,1
1404,1802,0.75
1404,1974,0.75
1404,1992,0.75
1404,2024,1
1406,1628,1
1408,1431,1
1408,1439,0.75
1408,1452,1
1408,1466,0.75
1408,1500,1
1408,1521,1
1408,1531,1
1408,1577,1
1408,1579,0.75
1408,1586,0.75
1408,1596,1
1408,1607,1
1408,1781,0.75
1408,1790,1
1408,1844,0.75
1408,1853,0.75
1408,1873,0.5
1408,1893,1
1408,1926,1
1408,1935,1
1408,1941,1
1408,1962,0.5
1408,1973,0.75
1408,1994,0.75
1408,1997,0.75
1409,1509,0.5
1409,1575,0.5
1409,1585,0.5
1409,1791,0.5
1409,1829,1
1409,1832,0.5
1409,1877,0.5
1409,1961,0.5
1409,1962,0.5
1409,1986,0.5
1418,1875,1
1423,1905,1
1424,1997,0.5
1425,1769,1
1425,1829,0.666667
1425,1954,0.5
1429,1433,0.666667
1429,1485,1
1429,1509,0.75
1429,1522,1
1429,1575,0.75
1429,1585,0.75
1429,1618,1
1429,1628,0.75
1429,1662,1
1429,1668,0.5
1429,1669,1
1429,1673,1
1429,1717,0.666667
1429,1730,0.666667
1429,1742,0.666667
1429,1750,0.75
1429,1766,1
1429,1791,0.75
1429,1815,1
1429,1832,0.75
1429,1838,1
1429,1875,0.5
1429,1877,0.75
1429,1918,0.75
1429,1962,0.5
1429,1975,1
1429,1986,0.75
1429,2000,0.666667
1429,2005,0.75
1429,2026,0.5
1430,1668,1
1431,1439,0.75
1431,1452,1
1431,1466,0.75
1431,1500,1
1431,1521,1
1431,1531,1
1431,1577,1
1431,1579,0.75
1431,1586,0.75
1431,1596,1
1431,1607,1
1431,1781,0.75
1431,1790,1
1431,1844,0.75
1431,1853,0.75
1431,1873,0.5
1431,1893,1
1431,1926,1
1431,1935,1
1431,1941,1
1431,1962,0.5
1431,1973,0.75
1431,1994,0.75
1431,1997,0.75
1433,1575,0.666667
1433,1585,0.666667
1433,1669,0.666667
1433,1742,1
1433,1791,0.666667
1433,1838,0.666667
1433,1962,0.666667
1433,1975,0.666667
1433,1986,0.666667
1436,1668,1
1437,1668,1
1438,1873,1
1439,1452,0.75
1439,1466,0.75
1439,1500,0.75
1439,1521,0.75
1439,1531,0.75
1439,1564,1
1439,1577,0.75
1439,1579,0.75
1439,1586,0.75
1439,1596,0.75
1439,1607,0.75
1439,1781,0.75
1439,1790,0.75
1439,1843,0.5
1439,1844,1
1439,1853,0.75
1439,1854,1
1439,1873,0.5
1439,1893,0.75
1439,1926,0.75
1439,1935,0.75
1439,1941,0.75
1439,1962,0.5
1439,1973,0.75
1439,1987,1
1439,1991,1
1439,1994,0.75
1439,1997,0.75
1439,2005,0.5
1439,2010,0.5
1443,1693,0.5
1443,1980,1
1444,1527,1
1444,1666,1
1444,1802,0.75
1444,1974,0.75
1444,1992,0.75
1444,2024,1
1447,1668,1
1452,1466,0.75
1452,1500,1
1452,1521,1
1452,1531,1
1452,1577,1
1452,1579,0.75
1452,1586,0.75
1452,1596,1
1452,1607,1
1452,1781,0.75
1452,1790,1
1452,1843,0.5
1452,1844,0.75
1452,1853,0.75
1452,1873,0.5
1452,1893,1
1452,1926,1
1452,1935,1
1452,1941,1
1452,1962,0.5
1452,1973,0.75
1452,1994,0.75
1452,1997,0.75
1454,1668,1
1456,1853,1
1466,1500,0.75
1466,1521,0.75
1466,1531,0.75
1466,1577,0.75
1466,1579,1
1466,1586,0.75
1466,1596,0.75
1466,1607,0.75
1466,1781,1
1466,1790,0.75
1466,1844,0.75
1466,1853,1
1466,1873,0.5
1466,1893,0.75
1466,1926,0.75
1466,1935,0.75
1466,1941,0.75
1466,1962,0.5
1466,1973,1
1466,1994,1
1466,1997,1
1471,1873,1
1474,1668,1
1478,1779,1
1478,1905,0.5
1479,1502,1
1479,1747,1
1479,1851,1
1485,1509,1
1485,1575,1
1485,1585,1
1485,1618,1
1485,1628,1
1485,1662,1
1485,1668,0.666667
1485,1750,1
1485,1766,1
1485,1791,1
1485,1815,1
1485,1875,0.5
1485,1877,1
1485,1975,1
1485,1986,1
1485,2005,1
1486,1873,1
1491,1684,1
1491,1873,0.5
1492,1873,0.5
1494,1522,1
1494,1628,1
1494,1918,1
1494,2026,1
1495,1668,1
1497,1668,1
1500,1521,1
1500,1531,1
1500,1577,1
1500,1579,0.75
1500,1586,0.75
1500,1596,1
1500,1607,1
1500,1781,0.75
1500,1790,1
1500,1843,0.5
1500,1844,0.75
1500,1853,0.75
1500,1873,0.5
1500,1893,1
1500,1926,1
1500,1935,1
1500,1941,1
1500,1962,0.5
1500,1973,0.75
1500,1991,1
1500,1994,0.75
1500,1997,0.75
1504,1873,0.5
1505,1873,1
1506,1668,1
1507,1597,1
1507,1689,1
1507,1749,1
1507,1802,0.75
1507,1900,1
1507,1914,1
1507,1964,1
1507,1974,0.75
1507,1992,0.75
1508,1668,1
1509,1522,0.75
1509,1575,1
1509,1585,0.75
1509,1618,1
1509,1628,0.75
1509,1648,0.666667
1509,1662,1
1509,1668,0.5
1509,1669,0.75
1509,1673,0.75
1509,1717,0.666667
1509,1750,0.75
1509,1766,1
1509,1791,0.75
1509,1815,1
1509,1829,0.5
1509,1832,1
1509,1838,0.75
1509,1875,0.5
1509,1877,1
1509,1918,0.75
1509,1961,1
1509,1962,0.75
1509,1975,1
1509,1986,0.75
1509,2000,0.666667
1509,2005,0.75
1509,2026,0.5
1519,1917,1
1521,1531,1
1521,1577,1
1521,1579,0.75
1521,1586,0.75
1521,1596,1
1521,1607,1
1521,1781,0.75
1521,1790,1
1521,1844,0.75
1521,1853,0.75
1521,1873,0.5
1521,1893,1
1521,1898,0.5
1521,1926,1
1521,1935,1
1521,1941,1
1521,1962,0.5
1521,1973,0.75
1521,1994,0.75
1521,1997,0.75
1521,2010,0.5
1522,1575,0.75
1522,1585,0.75
1522,1618,1
1522,1628,0.75
1522,1668,0.5
1522,1669,1
1522,1673,1
1522,1730,0.666667
1522,1750,0.75
1522,1791,0.75
1522,1838,1
1522,1877,0.75
1522,1918,0.75
1522,1962,0.5
1522,1986,0.75
1522,2005,0.75
1522,2026,0.5
1523,1873,1
1527,1666,1
1527,1802,0.75
1527,1974,0.75
1527,1992,0.75
1527,2024,1
1529,1668,1
1531,1577,1
1531,1579,0.75
1531,1586,0.75
1531,1596,1
1531,1607,1
1531,1781,0.75
1531,1790,1
1531,1844,0.75
1531,1853,0.75
1531,1873,0.5
1531,1893,1
1531,1926,1
1531,1935,1
1531,1941,1
1531,1962,0.5
1531,1973,0.75
1531,1994,0.75
1531,1997,0.75
1532,1705,1
1533,1668,1
1535,1549,0.5
1535,1747,1
1540,1767,1
1546,1585,0.5
1546,1750,0.5
1546,1838,0.5
1546,1962,0.5
1548,1873,0.5
1549,1912,1
1553,2026,1
1555,1649,1
1555,1690,1
1555,1784,1
1556,1873,1
1562,1705,0.75
1562,1767,0.5
1562,1996,1
1563,1668,1
1567,1668,1
1569,1873,1
1575,1585,0.75
1575,1618,1
1575,1628,0.75
1575,1648,0.666667
1575,1662,1
1575,1668,0.5
1575,1669,0.75
1575,1673,0.75
1575,1717,0.666667
1575,1742,0.666667
1575,1750,0.75
1575,1766,1
1575,1791,0.75
1575,1815,1
1575,1829,0.5
1575,1832,1
1575,1838,0.75
1575,1875,0.5
1575,1877,1
1575,1918,0.75
1575,1961,1
1575,1962,0.75
1575,1975,1
1575,1986,0.75
1575,2000,0.666667
1575,2005,0.75
1577,1579,0.75
1577,1586,0.75
1577,1596,1
1577,1607,1
1577,1781,0.75
1577,1790,1
1577,1844,0.75
1577,1853,0.75
1577,1873,0.5
1577,1893,1
1577,1926,1
1577,1935,1
1577,1941,1
1577,1962,0.5
1577,1973,0.75
1577,1994,0.75
1577,1997,0.75
1579,1586,0.75
1579,1596,0.75
1579,1607,0.75
1579,1781,1
1579,1790,0.75
1579,1844,0.75
1579,1853,1
1579,1857,1
1579,1873,0.5
1579,1893,0.75
1579,1926,0.75
1579,1935,0.75
1579,1941,0.75
1579,1962,0.5
1579,1973,1
1579,1994,1
1579,1997,1
1585,1618,1
1585,1628,0.75
1585,1662,1
1585,1668,0.5
1585,1669,0.75
1585,1673,0.75
1585,1717,0.666667
1585,1742,0.666667
1585,1750,0.75
1585,1766,1
1585,1767,0.5
1585,1769,0.5
1585,1791,1
1585,1806,1
1585,1815,1
1585,1832,0.75
1585,1838,0.75
1585,1875,0.5
1585,1877,0.75
1585,1918,0.75
1585,1961,0.75
1585,1962,0.5
1585,1975,1
1585,1986,1
1585,2000,0.666667
1585,2005,0.75
1586,1596,0.75
1586,1607,0.75
1586,1609,1
1586,1672,1
1586,1781,0.75
1586,1790,0.75
1586,1843,0.5
1586,1844,0.75
1586,1853,0.75
1586,1873,0.5
1586,1893,0.75
1586,1926,0.75
1586,1935,0.75
1586,1941,0.75
1586,1962,0.5
1586,1973,0.75
1586,1994,0.75
1586,1997,0.75
1592,1668,1
1593,1905,0.666667
1593,1980,0.666667
1596,1607,1
1596,1781,0.75
1596,1790,1
1596,1844,0.75
1596,1853,0.75
1596,1873,0.5
1596,1893,1
1596,1926,1
1596,1935,1
1596,1941,1
1596,1962,0.5
1596,1973,0.75
1596,1994,0.75
1596,1997,0.75
1597,1689,1
1597,1749,1
1597,1802,0.75
1597,1900,1
1597,1914,1
1597,1964,1
1597,1974,0.75
1597,1992,0.75
1600,1875,0.5
1600,1951,0.5
1605,1668,1
1607,1781,0.75
1607,1790,1
1607,1844,0.75
1607,1853,0.75
1607,1873,0.5
1607,1893,1
1607,1926,1
1607,1935,1
1607,1941,1
1607,1962,0.5
1607,1973,0.75
1607,1994,0.75
1607,1997,0.75
1614,1873,1
1618,1628,1
1618,1662,1
1618,1668,0.666667
1618,1750,1
1618,1766,1
1618,1791,1
1618,1815,1
1618,1838,1
1618,1877,1
1618,1918,1
1618,1962,0.666667
1618,1975,1
1618,1986,1
1618,2000,1
1618,2005,1
1618,2026,0.5
1624,1873,1
1628,1662,1
1628,1668,0.5
1628,1669,0.75
1628,1717,1
1628,1750,0.75
1628,1761,1
1628,1766,1
1628,1791,0.75
1628,1815,1
1628,1832,0.75
1628,1838,0.75
1628,1877,0.75
1628,1918,0.75
1628,1962,0.5
1628,1975,1
1628,1986,0.75
1628,2000,1
1628,2005,0.75
1628,2026,0.5
1632,1668,1
1633,1873,1
1637,1739,1
1637,1873,0.5
1638,1705,1
1638,1767,1
1642,1668,1
1644,1873,1
1645,1668,1
1648,1829,1
1648,1832,0.666667
1648,1877,0.666667
1648,1961,0.666667
1648,1962,0.666667
1649,1690,1
1649,1784,1
1651,1766,0.5
1660,1767,1
1660,1873,1
1661,1873,1
1662,1668,0.666667
1662,1750,1
1662,1766,1
1662,1791,1
1662,1815,1
1662,1832,1
1662,1875,0.5
1662,1877,1
1662,1961,1
1662,1962,0.666667
1662,1975,1
1662,1986,1
1662,2005,1
1666,1802,0.75
1666,1974,0.75
1666,1992,0.75
1666,2024,1
1668,1669,0.5
1668,1673,0.5
1668,1695,1
1668,1712,1
1668,1718,1
1668,1720,1
1668,1725,1
1668,1729,1
1668,1731,1
1668,1733,1
1668,1750,0.5
1668,1764,1
1668,1765,1
1668,1766,0.666667
1668,1782,1
1668,1791,0.5
1668,1803,1
1668,1805,1
1668,1815,0.666667
1668,1816,1
1668,1817,1
1668,1821,1
1668,1823,1
1668,1825,1
1668,1831,1
1668,1832,0.5
1668,1834,1
1668,1835,1
1668,1838,0.5
1668,1848,1
1668,1849,1
1668,1858,1
1668,1877,0.5
1668,1897,1
1668,1904,1
1668,1916,1
1668,1918,0.75
1668,1942,1
1668,1950,1
1668,1961,0.5
1668,1968,1
1668,1975,0.666667
1668,1984,1
1668,1986,0.5
1668,2005,0.5
1668,2014,1
1668,2016,1
1668,2021,1
1668,2028,1
1669,1673,1
1669,1717,0.666667
1669,1730,0.666667
1669,1742,0.666667
1669,1750,0.75
1669,1766,1
1669,1791,0.75
1669,1815,1
1669,1832,0.75
1669,1838,1
1669,1877,0.75
1669,1918,0.75
1669,1961,0.75
1669,1962,0.5
1669,1975,1
1669,1986,0.75
1669,2000,0.666667
1669,2005,0.75
1673,1730,0.666667
1673,1791,0.75
1673,1832,0.75
1673,1838,1
1673,1877,0.75
1673,1962,0.5
1673,1986,0.75
1679,1688,1
1679,1705,0.5
1683,1873,0.5
1684,1873,0.5
1688,1873,0.5
1689,1749,1
1689,1802,0.75
1689,1900,1
1689,1914,1
1689,1964,1
1689,1974,0.75
1689,1992,0.75
1690,1784,1
1690,2026,0.5
1693,1700,1
1696,1906,0.666667
1698,1945,1
1705,1741,1
1705,1745,1
1705,1767,0.5
1705,1911,1
1711,1873,0.666667
1715,1873,1
1717,1750,0.666667
1717,1766,1
1717,1791,0.666667
1717,1832,0.666667
1717,1877,0.666667
1717,1962,0.666667
1717,1986,0.666667
1717,2000,1
1726,1873,0.5
1730,1838,0.666667
1737,1875,1
1739,1873,0.5
1742,1791,0.666667
1742,1838,0.666667
1742,1962,0.666667
1742,1975,0.666667
1742,1986,0.666667
1747,1851,1
1749,1802,0.75
1749,1900,1
1749,1914,1
1749,1964,1
1749,1974,0.75
1749,1992,0.75
1750,1766,1
1750,1791,0.75
1750,1806,1
1750,1815,1
1750,1832,0.75
1750,1838,0.75
1750,1875,0.5
1750,1877,0.75
1750,1918,0.75
1750,1962,0.5
1750,1975,1
1750,1986,0.75
1750,2000,0.666667
1750,2005,0.75
1753,1873,0.5
1766,1791,1
1766,1815,1
1766,1832,1
1766,1838,1
1766,1877,1
1766,1910,1
1766,1962,0.666667
1766,1975,1
1766,1986,1
1766,2000,1
1766,2005,1
1767,1791,0.5
1767,1873,0.5
1767,1911,1
1767,1986,0.5
1769,1791,0.5
1769,1962,0.5
1769,1986,0.5
1777,1873,1
1779,1905,0.5
1781,1790,0.75
1781,1844,0.75
1781,1853,1
1781,1873,0.5
1781,1893,0.75
1781,1926,0.75
1781,1935,0.75
1781,1941,0.75
1781,1962,0.5
1781,1973,1
1781,1994,1
1781,1997,1
1790,1844,0.75
1790,1853,0.75
1790,1873,0.5
1790,1893,1
1790,1926,1
1790,1935,1
1790,1941,1
1790,1962,0.5
1790,1973,0.75
1790,1994,0.75
1790,1997,0.75
1791,1815,1
1791,1832,0.75
1791,1838,0.75
1791,1877,0.75
1791,1918,0.75
1791,1961,0.75
1791,1962,0.5
1791,1975,1
1791,1986,1
1791,2000,0.666667
1791,2005,0.75
1792,1871,1
1792,1951,1
1792,1972,1
1792,1985,1
1792,2003,1
1793,1873,1
1802,1900,0.75
1802,1914,0.75
1802,1964,0.75
1802,1974,1
1802,1992,1
1802,2024,0.75
1806,1962,1
1810,1880,1
1812,1830,1
1815,1832,1
1815,1877,1
1815,1961,1
1815,1962,0.666667
1815,1975,1
1815,1986,1
1815,2005,1
1822,1873,1
1828,1873,1
1829,1832,0.5
1829,1877,0.5
1829,1949,1
1829,1961,0.5
1829,1962,0.5
1829,2011,1
1832,1838,0.75
1832,1877,1
1832,1961,1
1832,1962,0.75
1832,1975,1
1832,1986,0.75
1832,2000,0.666667
1832,2005,0.75
1838,1877,0.75
1838,1918,0.75
1838,1939,1
1838,1962,0.5
1838,1975,1
1838,1986,0.75
1838,2005,0.75
1844,1853,0.75
1844,1873,0.5
1844,1893,0.75
1844,1926,0.75
1844,1935,0.75
1844,1941,0.75
1844,1962,0.5
1844,1973,0.75
1844,1994,0.75
1844,1997,0.75
1844,2005,0.5
1853,1873,0.5
1853,1893,0.75
1853,1926,0.75
1853,1935,0.75
1853,1941,0.75
1853,1962,0.5
1853,1973,1
1853,1994,1
1853,1997,1
1856,1922,1
1871,1951,1
1871,1972,1
1871,1985,1
1871,2003,1
1873,1891,0.5
1873,1893,0.5
1873,1911,1
1873,1924,1
1873,1926,0.5
1873,1929,0.5
1873,1932,0.5
1873,1935,0.5
1873,1941,0.5
1873,1962,0.5
1873,1973,0.5
1873,1989,1
1873,1994,0.5
1873,1996,1
1873,1997,0.5
1873,2007,1
1875,1913,1
1875,1986,0.5
1875,2005,0.5
1877,1918,0.75
1877,1961,1
1877,1962,0.75
1877,1975,1
1877,1986,0.75
1877,2000,0.666667
1877,2005,0.75
1886,1906,1
1892,2002,1
1893,1898,0.5
1893,1926,1
1893,1935,1
1893,1941,1
1893,1959,1
1893,1962,0.5
1893,1973,0.75
1893,1994,0.75
1893,1997,0.75
1893,2010,0.5
1898,1959,1
1898,1973,0.5
1898,1997,0.5
1898,2010,0.5
1900,1914,1
1900,1964,1
1900,1974,0.75
1900,1992,0.75
1910,1986,1
1914,1964,1
1914,1974,0.75
1914,1992,0.75
1918,1962,0.5
1918,1986,0.75
1918,2005,0.75
1918,2026,0.5
1926,1935,1
1926,1941,1
1926,1962,0.5
1926,1973,0.75
1926,1994,0.75
1926,1997,0.75
1935,1941,1
1935,1962,0.5
1935,1973,0.75
1935,1994,0.75
1935,1997,0.75
1941,1962,0.5
1941,1973,0.75
1941,1994,0.75
1941,1997,0.75
1949,2011,1
1951,1972,1
1951,1985,1
1951,2003,1
1959,1997,1
1961,1962,0.75
1961,1975,1
1961,1986,0.75
1961,2005,0.75
1962,1973,0.5
1962,1975,0.666667
1962,1986,0.5
1962,1994,0.5
1962,1997,0.5
1962,2000,0.666667
1962,2005,0.5
1964,1974,0.75
1964,1992,0.75
1972,1985,1
1972,2003,1
1973,1994,1
1973,1997,1
1973,2010,0.5
1974,1992,1
1974,2024,0.75
1975,1986,1
1975,2005,1
1980,2022,1
1985,2003,1
1986,2000,0.666667
1986,2005,0.75
1992,2024,0.75
1994,1997,1
1997,2010,0.5
2000,2005,0.666667
